-- SQL script for inserting data

-- Data for table: users
INSERT INTO users ("id", "email", "full_name", "position_id", "created_at", "updated_at", "national_producer_number", "annual_goal", "phone", "is_active") VALUES ('a9692c3e-a415-4fc3-a3e0-30c8eb652f09', 'admin@americancoveragecenter.com', 'American Coverage Center', '8395f610-6c95-4cd5-b778-ee6825ac78d1', '2025-04-16T14:31:56.932235+00:00', '2025-05-03T20:57:12.153103+00:00', '', 1000000, '', true);
INSERT INTO users ("id", "email", "full_name", "position_id", "created_at", "updated_at", "national_producer_number", "annual_goal", "phone", "is_active") VALUES ('a0eebc99-9c0b-4ef8-bb6d-6bb9bd380a11', 'admin@example.com', 'Admin User', '599470e2-3803-41a2-a792-82911e60c2f4', '2025-04-16T14:10:49.955548+00:00', '2025-05-03T21:01:19.617558+00:00', '487651', 5000, '4574124512', true);
INSERT INTO users ("id", "email", "full_name", "position_id", "created_at", "updated_at", "national_producer_number", "phone", "is_active") VALUES ('a6759c64-853c-48c2-9f5d-6a87e4d566cc', 'jayseen239@gmail.com', 'arun rathee', '599470e2-3803-41a2-a792-82911e60c2f4', '2025-04-16T20:15:59.050667+00:00', '2025-04-16T20:49:12.460435+00:00', '', '', true);
INSERT INTO users ("id", "email", "full_name", "position_id", "upline_id", "created_at", "updated_at", "national_producer_number", "phone", "is_active") VALUES ('46325d49-a705-4a1f-a9c7-f5f812b9fd6a', 'jaysaan238@gmail.com', 'Dan Dan', '1f1d71c2-beec-43cd-99b2-2048c0afbde4', 'a0eebc99-9c0b-4ef8-bb6d-6bb9bd380a11', '2025-04-16T17:07:16.363965+00:00', '2025-04-16T21:05:27.881278+00:00', '', '', true);
INSERT INTO users ("id", "email", "full_name", "position_id", "upline_id", "created_at", "updated_at", "national_producer_number", "phone", "is_active") VALUES ('fde405d9-03f2-4141-b619-5ebff6c641e4', 'test@test.com', 'Test Test', '599470e2-3803-41a2-a792-82911e60c2f4', '322f6f66-d38f-404a-a2cb-76e7e2f2ae4c', '2025-04-17T16:52:49.608465+00:00', '2025-04-17T17:02:15.994201+00:00', '', '', true);
INSERT INTO users ("id", "email", "full_name", "position_id", "created_at", "updated_at", "national_producer_number", "phone", "is_active") VALUES ('322f6f66-d38f-404a-a2cb-76e7e2f2ae4c', 'adam@americancoveragecenter.com', 'Adam Yoder', 'ec2cfd8f-024d-4b5c-b23d-fd26d951f1bb', '2025-04-16T22:23:58.035555+00:00', '2025-04-17T17:03:13.135059+00:00', '', '', true);
INSERT INTO users ("id", "email", "full_name", "position_id", "created_at", "updated_at", "is_active") VALUES ('149a9824-1a0c-4721-9e2b-92e36e648017', 'dandan123@gmail.com', 'Dan Dan', '599470e2-3803-41a2-a792-82911e60c2f4', '2025-04-16T16:46:52.58687+00:00', '2025-04-16T16:47:00.445689+00:00', true);

-- Data for table: positions
INSERT INTO positions ("id", "name", "level", "description", "created_at", "updated_at") VALUES ('cc8e8626-9bc9-430f-8d5a-1c249a137ac5', 'Admin', 4, 'Administrator with full management access', '2025-04-16T14:40:48.468137+00:00', '2025-04-16T14:40:48.468137+00:00');
INSERT INTO positions ("id", "name", "level", "description", "created_at", "updated_at") VALUES ('ec2cfd8f-024d-4b5c-b23d-fd26d951f1bb', 'Manager', 3, 'Team manager with limited management access', '2025-04-16T14:40:48.468137+00:00', '2025-04-16T14:40:48.468137+00:00');
INSERT INTO positions ("id", "name", "level", "description", "created_at", "updated_at") VALUES ('1f1d71c2-beec-43cd-99b2-2048c0afbde4', 'Senior Agent', 2, 'Experienced sales agent', '2025-04-15T15:55:36.205892+00:00', '2025-04-15T15:55:36.205892+00:00');
INSERT INTO positions ("id", "name", "level", "description", "created_at", "updated_at") VALUES ('599470e2-3803-41a2-a792-82911e60c2f4', 'Agent', 1, 'Agent who closes the deal', '2025-04-16T14:40:48.468137+00:00', '2025-04-16T14:40:48.468137+00:00');
INSERT INTO positions ("id", "name", "level", "description", "created_at", "updated_at") VALUES ('8395f610-6c95-4cd5-b778-ee6825ac78d1', 'Owner', 2, 'Agency owner', '2025-04-16T14:31:56.932235+00:00', '2025-04-16T14:31:56.932235+00:00');

-- Data for table: carriers
INSERT INTO carriers ("id", "name", "advance_rate", "payment_type", "advance_period_months") VALUES ('861ba0a5-aa80-4f3f-b405-914e16ce4967', 'Awesome Life Insurance Co.', 0, 'advance', 9);
INSERT INTO carriers ("id", "name", "advance_rate", "payment_type", "advance_period_months") VALUES ('22222222-2222-2222-2222-222222222222', 'MetLife', 0, 'advance', 9);
INSERT INTO carriers ("id", "name", "advance_rate", "payment_type", "advance_period_months") VALUES ('33333333-3333-3333-3333-333333333333', 'AIG', 0, 'advance', 9);
INSERT INTO carriers ("id", "name", "advance_rate", "payment_type", "advance_period_months") VALUES ('470f5d5e-71d1-4257-81cd-d2b58820659b', 'Liberty', 0.75, 'advance', 9);
INSERT INTO carriers ("id", "name", "advance_rate", "payment_type", "advance_period_months") VALUES ('ead5cf19-7a98-445c-8df6-f263842d6994', 'Liberty Bankers', 0.75, 'advance', 9);
INSERT INTO carriers ("id", "name", "advance_rate", "payment_type", "advance_period_months") VALUES ('49b3af6f-992c-47b9-a6b3-e75aa3497f81', 'Mutual Of Omaha', 0.8, 'advance', 9);
INSERT INTO carriers ("id", "name", "advance_rate", "payment_type", "advance_period_months") VALUES ('75543cb0-43c0-4de9-82b6-337c5ebd750b', 'Gerber Life Insurance', 0.8, 'advance', 9);
INSERT INTO carriers ("id", "name", "advance_rate", "payment_type", "advance_period_months") VALUES ('f249d165-ddc0-4e85-ae5d-ec765b1da337', 'Aetna CVS', 0, 'advance', 9);

-- Data for table: products
INSERT INTO products ("id", "carrier_id", "name") VALUES ('2ab6114b-bc07-491f-ad42-f3a4b9333428', '861ba0a5-aa80-4f3f-b405-914e16ce4967', 'Term 20');
INSERT INTO products ("id", "carrier_id", "name") VALUES ('d0c2d5b4-0624-4635-808e-383d72e3daa4', '22222222-2222-2222-2222-222222222222', 'Universal Life');
INSERT INTO products ("id", "carrier_id", "name") VALUES ('0cbb38da-15d7-4c38-8eb2-d10d8346ed19', '33333333-3333-3333-3333-333333333333', 'Variable Life');
INSERT INTO products ("id", "carrier_id", "name") VALUES ('0915a998-3f01-4686-a197-d6f73fdf1215', '22222222-2222-2222-2222-222222222222', 'Universal Life');
INSERT INTO products ("id", "carrier_id", "name") VALUES ('96a8520d-3c61-4f40-8fda-518dfa379d22', '33333333-3333-3333-3333-333333333333', 'Variable Life');
INSERT INTO products ("id", "carrier_id", "name") VALUES ('7c0d9eed-9cc7-4515-8a1b-f03924cb9920', '22222222-2222-2222-2222-222222222222', 'Universal Life');
INSERT INTO products ("id", "carrier_id", "name") VALUES ('fa5a519f-4816-40eb-b7d7-cdf9b47107da', '33333333-3333-3333-3333-333333333333', 'Variable Life');
INSERT INTO products ("id", "carrier_id", "name") VALUES ('1a6048e7-88dd-45fc-acd9-ec913962a9d5', '22222222-2222-2222-2222-222222222222', 'Universal Life');
INSERT INTO products ("id", "carrier_id", "name") VALUES ('e12c43b7-bc33-4e4a-9e6d-2218e68334d1', '33333333-3333-3333-3333-333333333333', 'Variable Life');
INSERT INTO products ("id", "carrier_id", "name") VALUES ('c53c36ba-01bd-4351-8985-ac13e61293b0', '470f5d5e-71d1-4257-81cd-d2b58820659b', 'Final Expense');
INSERT INTO products ("id", "carrier_id", "name") VALUES ('54eb601c-db1f-4840-b86c-7c2446fc8baf', 'ead5cf19-7a98-445c-8df6-f263842d6994', 'Flex 4 Life - Paid Up At Age 100');
INSERT INTO products ("id", "carrier_id", "name") VALUES ('67380941-9ba7-40b7-9090-3eca78bafe74', 'ead5cf19-7a98-445c-8df6-f263842d6994', 'Flex 4 Life - Paid Up In 10 Years');
INSERT INTO products ("id", "carrier_id", "name") VALUES ('4e1ae094-98d6-49ed-a121-6b4013fadbe2', 'ead5cf19-7a98-445c-8df6-f263842d6994', 'Modified WL');
INSERT INTO products ("id", "carrier_id", "name") VALUES ('f783cdf9-b39c-490a-8fa4-48cce0e8db4d', 'ead5cf19-7a98-445c-8df6-f263842d6994', 'SIMPL Preferred Tier 1');
INSERT INTO products ("id", "carrier_id", "name") VALUES ('599f1637-f2b2-487a-9a35-b0f24431f936', 'ead5cf19-7a98-445c-8df6-f263842d6994', 'SIMPL Preferred Tier 2');
INSERT INTO products ("id", "carrier_id", "name") VALUES ('3af5df91-68a4-409b-af5c-f416353fd01d', 'ead5cf19-7a98-445c-8df6-f263842d6994', 'SIMPL Standard Tier 1');
INSERT INTO products ("id", "carrier_id", "name") VALUES ('d629d56d-f2d6-4c4e-8696-d75763a96349', 'ead5cf19-7a98-445c-8df6-f263842d6994', 'SIMPL Standard Tier 2');
INSERT INTO products ("id", "carrier_id", "name") VALUES ('a67d076e-eb0a-4dde-a0d7-e12fa8c07171', 'f249d165-ddc0-4e85-ae5d-ec765b1da337', 'ACC Final Expense (Preferred/Standard 40 to 89)');
INSERT INTO products ("id", "carrier_id", "name") VALUES ('bd642a32-9b19-4f35-880e-d823538e9e7a', 'f249d165-ddc0-4e85-ae5d-ec765b1da337', 'CLI Proection Series FE - 45-89');
INSERT INTO products ("id", "carrier_id", "name") VALUES ('716ce84f-5203-43d5-bf0c-4cb5a0a60f1f', 'f249d165-ddc0-4e85-ae5d-ec765b1da337', 'Modified Benefit/Standard 40-75');
INSERT INTO products ("id", "carrier_id", "name") VALUES ('f4731d18-30e6-4e2e-b5cf-4ac447f1a037', '75543cb0-43c0-4de9-82b6-337c5ebd750b', 'Simplifed Senior Life Insurance & Whole Life Insurance');
INSERT INTO products ("id", "carrier_id", "name") VALUES ('d96a5bf2-1213-4fde-ad25-a037864e6b5f', '49b3af6f-992c-47b9-a6b3-e75aa3497f81', 'Graded Product 45-80');
INSERT INTO products ("id", "carrier_id", "name") VALUES ('ac418511-8856-4a47-bd44-e214786770b1', '49b3af6f-992c-47b9-a6b3-e75aa3497f81', 'Level Product 45-80');
INSERT INTO products ("id", "carrier_id", "name") VALUES ('4aa59b2c-3b7c-42ba-a081-e61b3241905c', '49b3af6f-992c-47b9-a6b3-e75aa3497f81', 'Level Product 81-85');

-- Data for table: deals
INSERT INTO deals ("id", "agent_id", "carrier_id", "product_id", "client_name", "annual_premium", "created_at", "app_number", "client_phone", "effective_date", "from_referral", "status", "policy_number", "submitted_at") VALUES ('26fdcc6c-5937-40d4-8a6d-0be334912f67', 'a9692c3e-a415-4fc3-a3e0-30c8eb652f09', '22222222-2222-2222-2222-222222222222', '0915a998-3f01-4686-a197-d6f73fdf1215', 'Denis Lengark', 2650.8, '2025-04-16T15:23:08.575339+00:00', '5416547', '4517451247', '2025-04-17', false, 'Approved', '45165874', '2025-04-16T15:37:38.707714+00:00');
INSERT INTO deals ("id", "agent_id", "carrier_id", "product_id", "client_name", "annual_premium", "created_at", "app_number", "client_phone", "effective_date", "from_referral", "status", "policy_number", "submitted_at") VALUES ('e8267519-1b88-4c71-8ee3-62bed1834e0c', 'a0eebc99-9c0b-4ef8-bb6d-6bb9bd380a11', '861ba0a5-aa80-4f3f-b405-914e16ce4967', '2ab6114b-bc07-491f-ad42-f3a4b9333428', 'enis Lngark', 424, '2025-04-16T17:32:42.223147+00:00', '1247', '4517451245', '2025-04-17', false, 'Pending', '41574', '2025-04-16T17:32:42.223147+00:00');
INSERT INTO deals ("id", "agent_id", "carrier_id", "product_id", "client_name", "annual_premium", "created_at", "app_number", "client_phone", "effective_date", "from_referral", "status", "policy_number", "submitted_at") VALUES ('f670df7c-c742-4a05-af82-b3742696c080', 'a0eebc99-9c0b-4ef8-bb6d-6bb9bd380a11', '470f5d5e-71d1-4257-81cd-d2b58820659b', 'c53c36ba-01bd-4351-8985-ac13e61293b0', 'ds sd', 451, '2025-04-16T19:37:59.870125+00:00', '47512', '4514014578', '2025-04-18', false, 'Pending', '451', '2025-04-16T19:37:59.870125+00:00');
INSERT INTO deals ("id", "agent_id", "carrier_id", "product_id", "client_name", "annual_premium", "created_at", "app_number", "client_phone", "effective_date", "from_referral", "status", "policy_number", "submitted_at") VALUES ('25ef9178-d875-4d54-8e28-45c1d8714753', 'a0eebc99-9c0b-4ef8-bb6d-6bb9bd380a11', '470f5d5e-71d1-4257-81cd-d2b58820659b', 'c53c36ba-01bd-4351-8985-ac13e61293b0', 'stre erf', 589, '2025-04-16T19:55:53.419977+00:00', '789654', '5748965487', '2025-04-19', false, 'Pending', '59874', '2025-04-16T19:55:53.419977+00:00');
INSERT INTO deals ("id", "agent_id", "carrier_id", "product_id", "client_name", "annual_premium", "created_at", "app_number", "client_phone", "effective_date", "from_referral", "status", "policy_number", "submitted_at") VALUES ('f65859f1-5466-4ccb-b710-146f6e80ec15', 'a6759c64-853c-48c2-9f5d-6a87e4d566cc', '470f5d5e-71d1-4257-81cd-d2b58820659b', 'c53c36ba-01bd-4351-8985-ac13e61293b0', 'asd fg', 485, '2025-04-16T20:16:37.645658+00:00', '483154', '4879587461', '2025-04-18', false, 'Pending', '457847', '2025-04-16T20:16:37.645658+00:00');
INSERT INTO deals ("id", "agent_id", "carrier_id", "product_id", "client_name", "annual_premium", "created_at", "app_number", "client_phone", "effective_date", "from_referral", "status", "policy_number", "submitted_at") VALUES ('6829c5cd-4035-4fb9-b905-4c2d16776c87', 'a6759c64-853c-48c2-9f5d-6a87e4d566cc', '470f5d5e-71d1-4257-81cd-d2b58820659b', 'c53c36ba-01bd-4351-8985-ac13e61293b0', 'gh fgh', 574, '2025-04-16T20:36:40.503959+00:00', '4545', '4574874512', '2025-04-18', false, 'Pending', '45475', '2025-04-16T20:36:40.503959+00:00');
INSERT INTO deals ("id", "agent_id", "carrier_id", "product_id", "client_name", "annual_premium", "created_at", "app_number", "client_phone", "effective_date", "from_referral", "status", "policy_number", "submitted_at") VALUES ('8cef7cd8-7546-41ea-bc0b-268c77f38756', '46325d49-a705-4a1f-a9c7-f5f812b9fd6a', '861ba0a5-aa80-4f3f-b405-914e16ce4967', '2ab6114b-bc07-491f-ad42-f3a4b9333428', 'sad df', 719, '2025-04-16T21:05:56.467852+00:00', '148', '475 478 7451', '2025-04-18', false, 'Pending', '9874', '2025-04-16T21:05:56.467852+00:00');
INSERT INTO deals ("id", "agent_id", "carrier_id", "product_id", "client_name", "annual_premium", "created_at", "app_number", "client_phone", "effective_date", "from_referral", "status", "policy_number", "submitted_at") VALUES ('b60e47e2-d0aa-43ee-9c32-59e05acd6be6', 'a0eebc99-9c0b-4ef8-bb6d-6bb9bd380a11', '470f5d5e-71d1-4257-81cd-d2b58820659b', 'c53c36ba-01bd-4351-8985-ac13e61293b0', 'Denise Sanders', 587, '2025-04-16T21:11:30.94852+00:00', '5412478', '5474874512', '2025-04-19', false, 'Approved', '96587', '2025-04-16T21:11:30.94852+00:00');
INSERT INTO deals ("id", "agent_id", "carrier_id", "product_id", "client_name", "annual_premium", "created_at", "app_number", "client_phone", "effective_date", "from_referral", "status", "policy_number", "submitted_at") VALUES ('f0ec33b8-6360-4ae4-a142-39cf54a3d08a', 'a9692c3e-a415-4fc3-a3e0-30c8eb652f09', '861ba0a5-aa80-4f3f-b405-914e16ce4967', '2ab6114b-bc07-491f-ad42-f3a4b9333428', 'dsfsd sdf', 7451, '2025-04-16T21:15:08.092114+00:00', '78456', '4785478745', '2025-04-18', false, 'Pending', '1578', '2025-04-16T21:15:08.092114+00:00');
INSERT INTO deals ("id", "agent_id", "carrier_id", "product_id", "client_name", "annual_premium", "created_at", "app_number", "client_phone", "effective_date", "from_referral", "status", "policy_number", "submitted_at") VALUES ('c8325f02-74cb-49bb-ab17-80d54fede266', 'a9692c3e-a415-4fc3-a3e0-30c8eb652f09', '470f5d5e-71d1-4257-81cd-d2b58820659b', 'c53c36ba-01bd-4351-8985-ac13e61293b0', 'asd asd', 415, '2025-04-16T21:29:03.844839+00:00', '74825', '4718529635', '2025-04-18', false, 'Pending', '744158', '2025-04-16T21:29:03.844839+00:00');
INSERT INTO deals ("id", "agent_id", "carrier_id", "product_id", "client_name", "annual_premium", "created_at", "app_number", "client_phone", "effective_date", "from_referral", "status", "policy_number", "submitted_at") VALUES ('7e32ed7a-fc12-464a-89b8-fc6b34024f43', 'a9692c3e-a415-4fc3-a3e0-30c8eb652f09', '33333333-3333-3333-3333-333333333333', '0cbb38da-15d7-4c38-8eb2-d10d8346ed19', 'fg fg', 451, '2025-04-16T21:36:01.372909+00:00', '45756', '4178259364', '2025-04-18', false, 'Pending', '4545', '2025-04-16T21:36:01.372909+00:00');
INSERT INTO deals ("id", "agent_id", "carrier_id", "product_id", "client_name", "annual_premium", "created_at", "app_number", "client_phone", "effective_date", "from_referral", "status", "policy_number", "submitted_at") VALUES ('60cf60ab-6cbe-4e4e-838e-bbb7364b5031', 'a9692c3e-a415-4fc3-a3e0-30c8eb652f09', '861ba0a5-aa80-4f3f-b405-914e16ce4967', '2ab6114b-bc07-491f-ad42-f3a4b9333428', 'sdf sdf', 4784, '2025-04-16T21:55:48.928744+00:00', '856', '36985274187', '2025-04-18', false, 'Pending', '742', '2025-04-16T21:55:48.928744+00:00');
INSERT INTO deals ("id", "agent_id", "carrier_id", "product_id", "client_name", "annual_premium", "created_at", "app_number", "client_phone", "effective_date", "from_referral", "status", "policy_number", "submitted_at") VALUES ('309a95c7-c577-46a8-833c-7bcee2ae7ae3', 'a9692c3e-a415-4fc3-a3e0-30c8eb652f09', '33333333-3333-3333-3333-333333333333', '0cbb38da-15d7-4c38-8eb2-d10d8346ed19', 'fdg fg', 457, '2025-04-16T22:01:07.515098+00:00', '454745', '7418529634', '2025-04-17', false, 'Pending', '45784', '2025-04-16T22:01:07.515098+00:00');
INSERT INTO deals ("id", "agent_id", "carrier_id", "product_id", "client_name", "annual_premium", "created_at", "app_number", "client_phone", "effective_date", "from_referral", "status", "policy_number", "submitted_at") VALUES ('1178223e-2f66-46b4-8c1e-0ad74a0c79d9', 'a9692c3e-a415-4fc3-a3e0-30c8eb652f09', '33333333-3333-3333-3333-333333333333', '96a8520d-3c61-4f40-8fda-518dfa379d22', 'fdg dfg', 1657, '2025-04-16T22:02:22.164651+00:00', '9637245', '9632587415', '2025-04-19', false, 'Pending', '741825', '2025-04-16T22:02:22.164651+00:00');
INSERT INTO deals ("id", "agent_id", "carrier_id", "product_id", "client_name", "annual_premium", "created_at", "app_number", "client_phone", "effective_date", "from_referral", "status", "policy_number", "submitted_at") VALUES ('9dc57e93-c0ba-43c9-b507-9b3ec7f3b969', 'a9692c3e-a415-4fc3-a3e0-30c8eb652f09', '470f5d5e-71d1-4257-81cd-d2b58820659b', 'c53c36ba-01bd-4351-8985-ac13e61293b0', 'dfg fg', 478, '2025-04-16T22:07:56.578407+00:00', '8523', '7148529634', '2025-04-18', false, 'Pending', '74285', '2025-04-16T22:07:56.578407+00:00');
INSERT INTO deals ("id", "agent_id", "carrier_id", "product_id", "client_name", "annual_premium", "created_at", "app_number", "effective_date", "from_referral", "status", "policy_number", "submitted_at") VALUES ('3685a694-bd94-45bf-987f-eb5d17dda967', 'a9692c3e-a415-4fc3-a3e0-30c8eb652f09', '861ba0a5-aa80-4f3f-b405-914e16ce4967', '2ab6114b-bc07-491f-ad42-f3a4b9333428', 'ghfj ', 4514, '2025-04-16T22:11:46.011844+00:00', '4545', '2025-04-18', false, 'Pending', '45124', '2025-04-16T22:11:46.011844+00:00');
INSERT INTO deals ("id", "agent_id", "carrier_id", "product_id", "client_name", "annual_premium", "created_at", "app_number", "client_phone", "effective_date", "from_referral", "status", "submitted_at") VALUES ('911b4691-aedd-4668-aae3-2f00ba9d1edd', '322f6f66-d38f-404a-a2cb-76e7e2f2ae4c', '49b3af6f-992c-47b9-a6b3-e75aa3497f81', 'ac418511-8856-4a47-bd44-e214786770b1', 'Alicia Gana', 1124.64, '2025-04-16T22:44:33.509585+00:00', '15784', '+17608474186', '2025-05-01', false, 'Pending', '2025-04-16T22:44:33.509585+00:00');
INSERT INTO deals ("id", "agent_id", "carrier_id", "product_id", "client_name", "annual_premium", "created_at", "app_number", "client_phone", "effective_date", "from_referral", "status", "submitted_at") VALUES ('080707b7-03a6-4eee-a5f4-c58f320d2782', '322f6f66-d38f-404a-a2cb-76e7e2f2ae4c', 'ead5cf19-7a98-445c-8df6-f263842d6994', '599f1637-f2b2-487a-9a35-b0f24431f936', 'Michael Ward', 646.8, '2025-04-16T22:50:54.685406+00:00', '547841', '+119514868973', '2025-04-23', false, 'Pending', '2025-04-16T22:50:54.685406+00:00');
INSERT INTO deals ("id", "agent_id", "carrier_id", "product_id", "client_name", "annual_premium", "created_at", "app_number", "client_phone", "effective_date", "from_referral", "status", "submitted_at") VALUES ('2e05410a-f079-4332-91a0-949c17cafdbf', '322f6f66-d38f-404a-a2cb-76e7e2f2ae4c', '49b3af6f-992c-47b9-a6b3-e75aa3497f81', 'd96a5bf2-1213-4fde-ad25-a037864e6b5f', 'Alicia Gana', 1124.64, '2025-04-16T22:42:56.441866+00:00', '7541247', '+17608474186', '2025-05-01', true, 'Pending', '2025-04-16T22:42:56.441866+00:00');
INSERT INTO deals ("id", "agent_id", "carrier_id", "product_id", "client_name", "annual_premium", "created_at", "app_number", "client_phone", "effective_date", "from_referral", "status", "submitted_at") VALUES ('108cb484-d0ca-4294-9b9d-d73055bb1623', 'a0eebc99-9c0b-4ef8-bb6d-6bb9bd380a11', 'ead5cf19-7a98-445c-8df6-f263842d6994', 'f783cdf9-b39c-490a-8fa4-48cce0e8db4d', 'sdfn sdfsd', 4512, '2025-04-17T07:38:19.593583+00:00', '14574', '+14574514785', '2025-04-18', true, 'Rejected', '2025-04-17T07:38:19.593583+00:00');
INSERT INTO deals ("id", "agent_id", "carrier_id", "product_id", "client_name", "annual_premium", "created_at", "app_number", "client_phone", "effective_date", "from_referral", "status", "submitted_at") VALUES ('e499f0fe-641d-4328-bc1c-072c8bb52403', 'fde405d9-03f2-4141-b619-5ebff6c641e4', '75543cb0-43c0-4de9-82b6-337c5ebd750b', 'f4731d18-30e6-4e2e-b5cf-4ac447f1a037', 'sdf sdf', 451, '2025-04-17T16:55:33.611729+00:00', '87451', '8529637418', '2025-04-18', true, 'Approved', '2025-04-17T16:55:33.611729+00:00');
INSERT INTO deals ("id", "agent_id", "carrier_id", "product_id", "client_name", "annual_premium", "created_at", "app_number", "client_phone", "effective_date", "from_referral", "status", "policy_number", "submitted_at") VALUES ('7cb44a15-232b-4206-a399-81ca94c25393', 'a9692c3e-a415-4fc3-a3e0-30c8eb652f09', '33333333-3333-3333-3333-333333333333', '96a8520d-3c61-4f40-8fda-518dfa379d22', 'sdf sdf', 1547, '2025-04-22T16:49:22.622951+00:00', '54451', '9632587415', '2025-04-23', false, 'Pending', '45754', '2025-04-22T16:49:22.622951+00:00');
INSERT INTO deals ("id", "agent_id", "carrier_id", "product_id", "client_name", "annual_premium", "created_at", "app_number", "client_phone", "effective_date", "from_referral", "status", "policy_number", "submitted_at") VALUES ('0033f136-18d7-43f2-a48e-88a1abfd6f88', 'a9692c3e-a415-4fc3-a3e0-30c8eb652f09', 'f249d165-ddc0-4e85-ae5d-ec765b1da337', 'a67d076e-eb0a-4dde-a0d7-e12fa8c07171', '12 5421', 152, '2025-05-03T17:25:39.532542+00:00', '5412487', '8529637415', '2025-05-15', false, 'Pending', '540241', '2025-05-03T17:25:39.532542+00:00');
INSERT INTO deals ("id", "agent_id", "carrier_id", "product_id", "client_name", "annual_premium", "created_at", "app_number", "client_phone", "effective_date", "from_referral", "status", "policy_number", "submitted_at") VALUES ('17d5181c-b58d-495b-8963-e08b9e25b0dd', 'a9692c3e-a415-4fc3-a3e0-30c8eb652f09', 'f249d165-ddc0-4e85-ae5d-ec765b1da337', 'bd642a32-9b19-4f35-880e-d823538e9e7a', 'dfg dfg', 1487, '2025-05-03T17:26:45.645906+00:00', '54651', '8529637415', '2025-05-08', false, 'Pending', '5424', '2025-05-03T17:26:45.645906+00:00');
INSERT INTO deals ("id", "agent_id", "carrier_id", "product_id", "client_name", "annual_premium", "created_at", "app_number", "client_phone", "effective_date", "from_referral", "status", "policy_number", "submitted_at") VALUES ('fe3f6c6b-d956-4b34-a82c-f81300526eae', 'a9692c3e-a415-4fc3-a3e0-30c8eb652f09', 'f249d165-ddc0-4e85-ae5d-ec765b1da337', 'bd642a32-9b19-4f35-880e-d823538e9e7a', 'sdf sdfsd', 124, '2025-05-03T17:32:18.005508+00:00', '234', '8529637415', '2025-05-09', false, 'Pending', '324', '2025-05-03T17:32:18.005508+00:00');
INSERT INTO deals ("id", "agent_id", "carrier_id", "product_id", "client_name", "annual_premium", "created_at", "app_number", "client_phone", "effective_date", "from_referral", "status", "policy_number", "submitted_at") VALUES ('9cdbbcaa-0deb-477c-8bf8-348ad35281e1', 'a9692c3e-a415-4fc3-a3e0-30c8eb652f09', '33333333-3333-3333-3333-333333333333', '0cbb38da-15d7-4c38-8eb2-d10d8346ed19', 'sdf df', 124, '2025-05-03T17:34:15.026061+00:00', '841', '1478259364', '2025-05-08', false, 'Pending', '47', '2025-05-03T17:34:15.026061+00:00');
INSERT INTO deals ("id", "agent_id", "carrier_id", "product_id", "client_name", "annual_premium", "created_at", "app_number", "client_phone", "effective_date", "from_referral", "status", "policy_number", "submitted_at") VALUES ('ad2cd7be-3437-4d35-912b-e5bece5d91d6', 'a9692c3e-a415-4fc3-a3e0-30c8eb652f09', '861ba0a5-aa80-4f3f-b405-914e16ce4967', '2ab6114b-bc07-491f-ad42-f3a4b9333428', 'asd', 154, '2025-05-03T17:35:25.02024+00:00', '548', '8745412364', '2025-05-09', false, 'Pending', '54', '2025-05-03T17:35:25.02024+00:00');
INSERT INTO deals ("id", "agent_id", "carrier_id", "product_id", "client_name", "annual_premium", "created_at", "app_number", "client_phone", "effective_date", "from_referral", "status", "policy_number", "submitted_at") VALUES ('e17c4bd3-8225-4e99-a71f-c9924a1d2687', 'a9692c3e-a415-4fc3-a3e0-30c8eb652f09', '33333333-3333-3333-3333-333333333333', '0cbb38da-15d7-4c38-8eb2-d10d8346ed19', '675', 45, '2025-05-03T17:37:51.900006+00:00', '7894156', '8529637418', '2025-05-09', false, 'Pending', '45', '2025-05-03T17:37:51.900006+00:00');
INSERT INTO deals ("id", "agent_id", "carrier_id", "product_id", "client_name", "annual_premium", "created_at", "app_number", "client_phone", "effective_date", "from_referral", "status", "policy_number", "submitted_at") VALUES ('dd7ac6b8-be42-4cf1-87d2-356d7cacffd5', 'a0eebc99-9c0b-4ef8-bb6d-6bb9bd380a11', 'f249d165-ddc0-4e85-ae5d-ec765b1da337', 'bd642a32-9b19-4f35-880e-d823538e9e7a', 'dsf df', 1241, '2025-05-03T19:23:34.818439+00:00', '48751', '8529637418', '2025-05-09', false, 'Approved', '5478', '2025-05-03T19:23:34.818439+00:00');
INSERT INTO deals ("id", "agent_id", "carrier_id", "product_id", "client_name", "annual_premium", "created_at", "app_number", "client_phone", "effective_date", "from_referral", "status", "policy_number", "submitted_at") VALUES ('8da2c393-4d97-400b-a3df-4bc55ce129ce', 'a0eebc99-9c0b-4ef8-bb6d-6bb9bd380a11', 'f249d165-ddc0-4e85-ae5d-ec765b1da337', 'bd642a32-9b19-4f35-880e-d823538e9e7a', 'asd dsa', 1200, '2025-05-03T19:57:23.706304+00:00', '4211', '8529637413', '2025-05-10', false, 'Approved', '5478', '2025-05-03T19:57:23.706304+00:00');
INSERT INTO deals ("id", "agent_id", "carrier_id", "product_id", "client_name", "annual_premium", "created_at", "app_number", "client_phone", "effective_date", "from_referral", "status", "policy_number", "submitted_at") VALUES ('976d495c-7a5f-45dc-969f-e4dffe97bdca', 'a0eebc99-9c0b-4ef8-bb6d-6bb9bd380a11', '470f5d5e-71d1-4257-81cd-d2b58820659b', 'c53c36ba-01bd-4351-8985-ac13e61293b0', 'dsf dfv', 1541, '2025-05-03T19:55:49.050437+00:00', '7415', '8529637414', '2025-05-10', false, 'Approved', '512', '2025-05-03T19:55:49.050437+00:00');

-- Data for table: commissions
INSERT INTO commissions ("id", "deal_id", "user_id", "position_id", "amount", "percentage", "created_at", "commission_type", "payment_date", "is_chargeback") VALUES ('f6670614-eccf-46b2-92cc-9fef860ea0b2', '26fdcc6c-5937-40d4-8a6d-0be334912f67', 'a9692c3e-a415-4fc3-a3e0-30c8eb652f09', '599470e2-3803-41a2-a792-82911e60c2f4', 795.24, 40, '2025-05-03T20:51:23.574219+00:00', 'advance', '2025-05-03', false);
INSERT INTO commissions ("id", "deal_id", "user_id", "position_id", "amount", "percentage", "created_at", "commission_type", "payment_date", "is_chargeback") VALUES ('08dcafcf-97f4-4a23-931e-c7bb45fb87ca', '26fdcc6c-5937-40d4-8a6d-0be334912f67', 'a9692c3e-a415-4fc3-a3e0-30c8eb652f09', '8395f610-6c95-4cd5-b778-ee6825ac78d1', 1192.86, 60, '2025-05-03T20:51:23.574219+00:00', 'advance', '2025-05-03', false);
INSERT INTO commissions ("id", "deal_id", "user_id", "position_id", "amount", "percentage", "created_at", "commission_type", "payment_date", "is_chargeback") VALUES ('ae60e268-12f4-4ade-9c82-abc0cc42d65c', '26fdcc6c-5937-40d4-8a6d-0be334912f67', 'a9692c3e-a415-4fc3-a3e0-30c8eb652f09', '599470e2-3803-41a2-a792-82911e60c2f4', 265.08, 40, '2025-05-03T20:51:23.574219+00:00', 'future', '2026-02-03', false);
INSERT INTO commissions ("id", "deal_id", "user_id", "position_id", "amount", "percentage", "created_at", "commission_type", "payment_date", "is_chargeback") VALUES ('e0e77478-9892-4885-a783-4b3c7e7e09c6', '26fdcc6c-5937-40d4-8a6d-0be334912f67', 'a9692c3e-a415-4fc3-a3e0-30c8eb652f09', '8395f610-6c95-4cd5-b778-ee6825ac78d1', 397.62, 60, '2025-05-03T20:51:23.574219+00:00', 'future', '2026-02-03', false);
INSERT INTO commissions ("id", "deal_id", "user_id", "position_id", "amount", "percentage", "created_at", "commission_type", "payment_date", "is_chargeback") VALUES ('07171c5a-285b-42d2-91cd-c884ac3329a7', 'e8267519-1b88-4c71-8ee3-62bed1834e0c', 'a0eebc99-9c0b-4ef8-bb6d-6bb9bd380a11', '599470e2-3803-41a2-a792-82911e60c2f4', 127.2, 40, '2025-05-03T20:51:23.574219+00:00', 'advance', '2025-05-03', false);
INSERT INTO commissions ("id", "deal_id", "user_id", "position_id", "amount", "percentage", "created_at", "commission_type", "payment_date", "is_chargeback") VALUES ('269f72b9-8588-4e60-a950-15758db2650c', 'e8267519-1b88-4c71-8ee3-62bed1834e0c', 'a9692c3e-a415-4fc3-a3e0-30c8eb652f09', '8395f610-6c95-4cd5-b778-ee6825ac78d1', 190.8, 60, '2025-05-03T20:51:23.574219+00:00', 'advance', '2025-05-03', false);
INSERT INTO commissions ("id", "deal_id", "user_id", "position_id", "amount", "percentage", "created_at", "commission_type", "payment_date", "is_chargeback") VALUES ('1ebc55dd-09c8-49f9-9ec7-eb50bcdb3066', 'e8267519-1b88-4c71-8ee3-62bed1834e0c', 'a0eebc99-9c0b-4ef8-bb6d-6bb9bd380a11', '599470e2-3803-41a2-a792-82911e60c2f4', 42.4, 40, '2025-05-03T20:51:23.574219+00:00', 'future', '2026-02-03', false);
INSERT INTO commissions ("id", "deal_id", "user_id", "position_id", "amount", "percentage", "created_at", "commission_type", "payment_date", "is_chargeback") VALUES ('dad29b20-bfab-48d5-8a34-67589252fdd8', 'e8267519-1b88-4c71-8ee3-62bed1834e0c', 'a9692c3e-a415-4fc3-a3e0-30c8eb652f09', '8395f610-6c95-4cd5-b778-ee6825ac78d1', 63.6, 60, '2025-05-03T20:51:23.574219+00:00', 'future', '2026-02-03', false);
INSERT INTO commissions ("id", "deal_id", "user_id", "position_id", "amount", "percentage", "created_at", "commission_type", "payment_date", "is_chargeback") VALUES ('0dad8e09-93d7-46ea-b1e2-327a50f82c37', 'f670df7c-c742-4a05-af82-b3742696c080', 'a0eebc99-9c0b-4ef8-bb6d-6bb9bd380a11', '599470e2-3803-41a2-a792-82911e60c2f4', 135.3, 40, '2025-05-03T20:51:23.574219+00:00', 'advance', '2025-05-03', false);
INSERT INTO commissions ("id", "deal_id", "user_id", "position_id", "amount", "percentage", "created_at", "commission_type", "payment_date", "is_chargeback") VALUES ('8c319ab7-3d1b-472f-b71c-fbe27a6bd569', 'f670df7c-c742-4a05-af82-b3742696c080', 'a9692c3e-a415-4fc3-a3e0-30c8eb652f09', '8395f610-6c95-4cd5-b778-ee6825ac78d1', 202.95, 60, '2025-05-03T20:51:23.574219+00:00', 'advance', '2025-05-03', false);
INSERT INTO commissions ("id", "deal_id", "user_id", "position_id", "amount", "percentage", "created_at", "commission_type", "payment_date", "is_chargeback") VALUES ('2d6c869f-61a1-4692-b343-bf3921042a9b', 'f670df7c-c742-4a05-af82-b3742696c080', 'a0eebc99-9c0b-4ef8-bb6d-6bb9bd380a11', '599470e2-3803-41a2-a792-82911e60c2f4', 45.1, 40, '2025-05-03T20:51:23.574219+00:00', 'future', '2026-02-03', false);
INSERT INTO commissions ("id", "deal_id", "user_id", "position_id", "amount", "percentage", "created_at", "commission_type", "payment_date", "is_chargeback") VALUES ('85db0de5-7325-41d8-9f52-6ca93eb060f3', 'f670df7c-c742-4a05-af82-b3742696c080', 'a9692c3e-a415-4fc3-a3e0-30c8eb652f09', '8395f610-6c95-4cd5-b778-ee6825ac78d1', 67.65, 60, '2025-05-03T20:51:23.574219+00:00', 'future', '2026-02-03', false);
INSERT INTO commissions ("id", "deal_id", "user_id", "position_id", "amount", "percentage", "created_at", "commission_type", "payment_date", "is_chargeback") VALUES ('efeeaf77-7dce-4ab3-ac33-bcb0fc981611', '25ef9178-d875-4d54-8e28-45c1d8714753', 'a0eebc99-9c0b-4ef8-bb6d-6bb9bd380a11', '599470e2-3803-41a2-a792-82911e60c2f4', 176.7, 40, '2025-05-03T20:51:23.574219+00:00', 'advance', '2025-05-03', false);
INSERT INTO commissions ("id", "deal_id", "user_id", "position_id", "amount", "percentage", "created_at", "commission_type", "payment_date", "is_chargeback") VALUES ('1772bb26-626a-4468-932f-02359708a76b', '25ef9178-d875-4d54-8e28-45c1d8714753', 'a9692c3e-a415-4fc3-a3e0-30c8eb652f09', '8395f610-6c95-4cd5-b778-ee6825ac78d1', 265.05, 60, '2025-05-03T20:51:23.574219+00:00', 'advance', '2025-05-03', false);
INSERT INTO commissions ("id", "deal_id", "user_id", "position_id", "amount", "percentage", "created_at", "commission_type", "payment_date", "is_chargeback") VALUES ('eeb33292-8d14-4923-9199-15e7934c8546', '25ef9178-d875-4d54-8e28-45c1d8714753', 'a0eebc99-9c0b-4ef8-bb6d-6bb9bd380a11', '599470e2-3803-41a2-a792-82911e60c2f4', 58.9, 40, '2025-05-03T20:51:23.574219+00:00', 'future', '2026-02-03', false);
INSERT INTO commissions ("id", "deal_id", "user_id", "position_id", "amount", "percentage", "created_at", "commission_type", "payment_date", "is_chargeback") VALUES ('b14d4906-39d1-42bc-b6c3-ecf57d7cc6e2', '25ef9178-d875-4d54-8e28-45c1d8714753', 'a9692c3e-a415-4fc3-a3e0-30c8eb652f09', '8395f610-6c95-4cd5-b778-ee6825ac78d1', 88.35, 60, '2025-05-03T20:51:23.574219+00:00', 'future', '2026-02-03', false);
INSERT INTO commissions ("id", "deal_id", "user_id", "position_id", "amount", "percentage", "created_at", "commission_type", "payment_date", "is_chargeback") VALUES ('b1aed2bd-1226-4454-a517-dfeeecfbaad5', 'f65859f1-5466-4ccb-b710-146f6e80ec15', 'a6759c64-853c-48c2-9f5d-6a87e4d566cc', '599470e2-3803-41a2-a792-82911e60c2f4', 145.5, 40, '2025-05-03T20:51:23.574219+00:00', 'advance', '2025-05-03', false);
INSERT INTO commissions ("id", "deal_id", "user_id", "position_id", "amount", "percentage", "created_at", "commission_type", "payment_date", "is_chargeback") VALUES ('ee330b02-6dd5-464e-a317-cc12e9d95887', 'f65859f1-5466-4ccb-b710-146f6e80ec15', 'a9692c3e-a415-4fc3-a3e0-30c8eb652f09', '8395f610-6c95-4cd5-b778-ee6825ac78d1', 218.25, 60, '2025-05-03T20:51:23.574219+00:00', 'advance', '2025-05-03', false);
INSERT INTO commissions ("id", "deal_id", "user_id", "position_id", "amount", "percentage", "created_at", "commission_type", "payment_date", "is_chargeback") VALUES ('956effaa-8cf4-4bfd-9c1b-d4836beff03f', 'f65859f1-5466-4ccb-b710-146f6e80ec15', 'a6759c64-853c-48c2-9f5d-6a87e4d566cc', '599470e2-3803-41a2-a792-82911e60c2f4', 48.5, 40, '2025-05-03T20:51:23.574219+00:00', 'future', '2026-02-03', false);
INSERT INTO commissions ("id", "deal_id", "user_id", "position_id", "amount", "percentage", "created_at", "commission_type", "payment_date", "is_chargeback") VALUES ('9aa85d78-9b31-4970-83fa-d800cd36b2a0', 'f65859f1-5466-4ccb-b710-146f6e80ec15', 'a9692c3e-a415-4fc3-a3e0-30c8eb652f09', '8395f610-6c95-4cd5-b778-ee6825ac78d1', 72.75, 60, '2025-05-03T20:51:23.574219+00:00', 'future', '2026-02-03', false);
INSERT INTO commissions ("id", "deal_id", "user_id", "position_id", "amount", "percentage", "created_at", "commission_type", "payment_date", "is_chargeback") VALUES ('7bcad05b-0eea-4b93-8533-b06ae193257b', '6829c5cd-4035-4fb9-b905-4c2d16776c87', 'a6759c64-853c-48c2-9f5d-6a87e4d566cc', '599470e2-3803-41a2-a792-82911e60c2f4', 172.2, 40, '2025-05-03T20:51:23.574219+00:00', 'advance', '2025-05-03', false);
INSERT INTO commissions ("id", "deal_id", "user_id", "position_id", "amount", "percentage", "created_at", "commission_type", "payment_date", "is_chargeback") VALUES ('a41355fd-8813-4450-a8b7-1d6932faeda9', '6829c5cd-4035-4fb9-b905-4c2d16776c87', 'a9692c3e-a415-4fc3-a3e0-30c8eb652f09', '8395f610-6c95-4cd5-b778-ee6825ac78d1', 258.3, 60, '2025-05-03T20:51:23.574219+00:00', 'advance', '2025-05-03', false);
INSERT INTO commissions ("id", "deal_id", "user_id", "position_id", "amount", "percentage", "created_at", "commission_type", "payment_date", "is_chargeback") VALUES ('cc1b7c3b-489f-4ce6-bf1b-9b9e90d91520', '6829c5cd-4035-4fb9-b905-4c2d16776c87', 'a6759c64-853c-48c2-9f5d-6a87e4d566cc', '599470e2-3803-41a2-a792-82911e60c2f4', 57.4, 40, '2025-05-03T20:51:23.574219+00:00', 'future', '2026-02-03', false);
INSERT INTO commissions ("id", "deal_id", "user_id", "position_id", "amount", "percentage", "created_at", "commission_type", "payment_date", "is_chargeback") VALUES ('a4aef87f-969b-4569-8a5e-58942267d944', '6829c5cd-4035-4fb9-b905-4c2d16776c87', 'a9692c3e-a415-4fc3-a3e0-30c8eb652f09', '8395f610-6c95-4cd5-b778-ee6825ac78d1', 86.1, 60, '2025-05-03T20:51:23.574219+00:00', 'future', '2026-02-03', false);
INSERT INTO commissions ("id", "deal_id", "user_id", "position_id", "amount", "percentage", "created_at", "commission_type", "payment_date", "is_chargeback") VALUES ('228644a2-d4d8-49ee-9c37-d6f2b2a9f5d7', '8cef7cd8-7546-41ea-bc0b-268c77f38756', '46325d49-a705-4a1f-a9c7-f5f812b9fd6a', '599470e2-3803-41a2-a792-82911e60c2f4', 215.7, 40, '2025-05-03T20:51:23.574219+00:00', 'advance', '2025-05-03', false);
INSERT INTO commissions ("id", "deal_id", "user_id", "position_id", "amount", "percentage", "created_at", "commission_type", "payment_date", "is_chargeback") VALUES ('138220c5-fe77-4a10-a7bb-6ade30a1ea65', '8cef7cd8-7546-41ea-bc0b-268c77f38756', 'a9692c3e-a415-4fc3-a3e0-30c8eb652f09', '8395f610-6c95-4cd5-b778-ee6825ac78d1', 323.55, 60, '2025-05-03T20:51:23.574219+00:00', 'advance', '2025-05-03', false);
INSERT INTO commissions ("id", "deal_id", "user_id", "position_id", "amount", "percentage", "created_at", "commission_type", "payment_date", "is_chargeback") VALUES ('faa3ede3-5363-4d67-b8c7-e1e2f8e60f9a', '8cef7cd8-7546-41ea-bc0b-268c77f38756', '46325d49-a705-4a1f-a9c7-f5f812b9fd6a', '599470e2-3803-41a2-a792-82911e60c2f4', 71.9, 40, '2025-05-03T20:51:23.574219+00:00', 'future', '2026-02-03', false);
INSERT INTO commissions ("id", "deal_id", "user_id", "position_id", "amount", "percentage", "created_at", "commission_type", "payment_date", "is_chargeback") VALUES ('49032ad1-67b1-420a-bff6-e523e525d82d', '8cef7cd8-7546-41ea-bc0b-268c77f38756', 'a9692c3e-a415-4fc3-a3e0-30c8eb652f09', '8395f610-6c95-4cd5-b778-ee6825ac78d1', 107.85, 60, '2025-05-03T20:51:23.574219+00:00', 'future', '2026-02-03', false);
INSERT INTO commissions ("id", "deal_id", "user_id", "position_id", "amount", "percentage", "created_at", "commission_type", "payment_date", "is_chargeback") VALUES ('2c49f8ec-9ae9-4212-9500-364686f63f0a', 'b60e47e2-d0aa-43ee-9c32-59e05acd6be6', 'a0eebc99-9c0b-4ef8-bb6d-6bb9bd380a11', '599470e2-3803-41a2-a792-82911e60c2f4', 176.1, 40, '2025-05-03T20:51:23.574219+00:00', 'advance', '2025-05-03', false);
INSERT INTO commissions ("id", "deal_id", "user_id", "position_id", "amount", "percentage", "created_at", "commission_type", "payment_date", "is_chargeback") VALUES ('a5f882bb-1ade-47b9-b012-afcc96dfb8e2', 'b60e47e2-d0aa-43ee-9c32-59e05acd6be6', 'a9692c3e-a415-4fc3-a3e0-30c8eb652f09', '8395f610-6c95-4cd5-b778-ee6825ac78d1', 264.15, 60, '2025-05-03T20:51:23.574219+00:00', 'advance', '2025-05-03', false);
INSERT INTO commissions ("id", "deal_id", "user_id", "position_id", "amount", "percentage", "created_at", "commission_type", "payment_date", "is_chargeback") VALUES ('c27cb2ed-944f-4d64-8614-71d04a436fe3', 'b60e47e2-d0aa-43ee-9c32-59e05acd6be6', 'a0eebc99-9c0b-4ef8-bb6d-6bb9bd380a11', '599470e2-3803-41a2-a792-82911e60c2f4', 58.7, 40, '2025-05-03T20:51:23.574219+00:00', 'future', '2026-02-03', false);
INSERT INTO commissions ("id", "deal_id", "user_id", "position_id", "amount", "percentage", "created_at", "commission_type", "payment_date", "is_chargeback") VALUES ('e999cca4-a129-4500-aaad-e80d0bf5962e', 'b60e47e2-d0aa-43ee-9c32-59e05acd6be6', 'a9692c3e-a415-4fc3-a3e0-30c8eb652f09', '8395f610-6c95-4cd5-b778-ee6825ac78d1', 88.05, 60, '2025-05-03T20:51:23.574219+00:00', 'future', '2026-02-03', false);
INSERT INTO commissions ("id", "deal_id", "user_id", "position_id", "amount", "percentage", "created_at", "commission_type", "payment_date", "is_chargeback") VALUES ('86704b42-b956-43f1-945e-f46648202607', 'f0ec33b8-6360-4ae4-a142-39cf54a3d08a', 'a9692c3e-a415-4fc3-a3e0-30c8eb652f09', '599470e2-3803-41a2-a792-82911e60c2f4', 2235.3, 40, '2025-05-03T20:51:23.574219+00:00', 'advance', '2025-05-03', false);
INSERT INTO commissions ("id", "deal_id", "user_id", "position_id", "amount", "percentage", "created_at", "commission_type", "payment_date", "is_chargeback") VALUES ('db187d53-36b4-4aff-8376-a28cd50261e7', 'f0ec33b8-6360-4ae4-a142-39cf54a3d08a', 'a9692c3e-a415-4fc3-a3e0-30c8eb652f09', '8395f610-6c95-4cd5-b778-ee6825ac78d1', 3352.95, 60, '2025-05-03T20:51:23.574219+00:00', 'advance', '2025-05-03', false);
INSERT INTO commissions ("id", "deal_id", "user_id", "position_id", "amount", "percentage", "created_at", "commission_type", "payment_date", "is_chargeback") VALUES ('a77cd942-e312-44c1-9510-e8b36e342bdb', 'f0ec33b8-6360-4ae4-a142-39cf54a3d08a', 'a9692c3e-a415-4fc3-a3e0-30c8eb652f09', '599470e2-3803-41a2-a792-82911e60c2f4', 745.1, 40, '2025-05-03T20:51:23.574219+00:00', 'future', '2026-02-03', false);
INSERT INTO commissions ("id", "deal_id", "user_id", "position_id", "amount", "percentage", "created_at", "commission_type", "payment_date", "is_chargeback") VALUES ('cffbc72f-8440-4545-a5cc-585a4bf6bb5b', 'f0ec33b8-6360-4ae4-a142-39cf54a3d08a', 'a9692c3e-a415-4fc3-a3e0-30c8eb652f09', '8395f610-6c95-4cd5-b778-ee6825ac78d1', 1117.65, 60, '2025-05-03T20:51:23.574219+00:00', 'future', '2026-02-03', false);
INSERT INTO commissions ("id", "deal_id", "user_id", "position_id", "amount", "percentage", "created_at", "commission_type", "payment_date", "is_chargeback") VALUES ('7f8ddda9-4f65-4afc-ad68-66bb3aa1ac09', 'c8325f02-74cb-49bb-ab17-80d54fede266', 'a9692c3e-a415-4fc3-a3e0-30c8eb652f09', '599470e2-3803-41a2-a792-82911e60c2f4', 124.5, 40, '2025-05-03T20:51:23.574219+00:00', 'advance', '2025-05-03', false);
INSERT INTO commissions ("id", "deal_id", "user_id", "position_id", "amount", "percentage", "created_at", "commission_type", "payment_date", "is_chargeback") VALUES ('adfd6e1e-7fab-4f70-8966-09c93c086183', 'c8325f02-74cb-49bb-ab17-80d54fede266', 'a9692c3e-a415-4fc3-a3e0-30c8eb652f09', '8395f610-6c95-4cd5-b778-ee6825ac78d1', 186.75, 60, '2025-05-03T20:51:23.574219+00:00', 'advance', '2025-05-03', false);
INSERT INTO commissions ("id", "deal_id", "user_id", "position_id", "amount", "percentage", "created_at", "commission_type", "payment_date", "is_chargeback") VALUES ('54e03e6e-e6ce-4a64-8aa4-7f8e23c047b3', 'c8325f02-74cb-49bb-ab17-80d54fede266', 'a9692c3e-a415-4fc3-a3e0-30c8eb652f09', '599470e2-3803-41a2-a792-82911e60c2f4', 41.5, 40, '2025-05-03T20:51:23.574219+00:00', 'future', '2026-02-03', false);
INSERT INTO commissions ("id", "deal_id", "user_id", "position_id", "amount", "percentage", "created_at", "commission_type", "payment_date", "is_chargeback") VALUES ('377b662d-0ab9-4e99-8ade-ba98431dcf4d', 'c8325f02-74cb-49bb-ab17-80d54fede266', 'a9692c3e-a415-4fc3-a3e0-30c8eb652f09', '8395f610-6c95-4cd5-b778-ee6825ac78d1', 62.25, 60, '2025-05-03T20:51:23.574219+00:00', 'future', '2026-02-03', false);
INSERT INTO commissions ("id", "deal_id", "user_id", "position_id", "amount", "percentage", "created_at", "commission_type", "payment_date", "is_chargeback") VALUES ('ecd791f9-049b-4126-b3d7-8c6f12087d16', '7e32ed7a-fc12-464a-89b8-fc6b34024f43', 'a9692c3e-a415-4fc3-a3e0-30c8eb652f09', '599470e2-3803-41a2-a792-82911e60c2f4', 135.3, 40, '2025-05-03T20:51:23.574219+00:00', 'advance', '2025-05-03', false);
INSERT INTO commissions ("id", "deal_id", "user_id", "position_id", "amount", "percentage", "created_at", "commission_type", "payment_date", "is_chargeback") VALUES ('b489e94b-5dd7-46e3-aca2-3823562d61bb', '7e32ed7a-fc12-464a-89b8-fc6b34024f43', 'a9692c3e-a415-4fc3-a3e0-30c8eb652f09', '8395f610-6c95-4cd5-b778-ee6825ac78d1', 202.95, 60, '2025-05-03T20:51:23.574219+00:00', 'advance', '2025-05-03', false);
INSERT INTO commissions ("id", "deal_id", "user_id", "position_id", "amount", "percentage", "created_at", "commission_type", "payment_date", "is_chargeback") VALUES ('9bfb1008-3714-4054-afc0-e5db9d03d2a9', '7e32ed7a-fc12-464a-89b8-fc6b34024f43', 'a9692c3e-a415-4fc3-a3e0-30c8eb652f09', '599470e2-3803-41a2-a792-82911e60c2f4', 45.1, 40, '2025-05-03T20:51:23.574219+00:00', 'future', '2026-02-03', false);
INSERT INTO commissions ("id", "deal_id", "user_id", "position_id", "amount", "percentage", "created_at", "commission_type", "payment_date", "is_chargeback") VALUES ('4f89f7ab-6b42-4237-adff-52f556bb95a0', '7e32ed7a-fc12-464a-89b8-fc6b34024f43', 'a9692c3e-a415-4fc3-a3e0-30c8eb652f09', '8395f610-6c95-4cd5-b778-ee6825ac78d1', 67.65, 60, '2025-05-03T20:51:23.574219+00:00', 'future', '2026-02-03', false);
INSERT INTO commissions ("id", "deal_id", "user_id", "position_id", "amount", "percentage", "created_at", "commission_type", "payment_date", "is_chargeback") VALUES ('adf035e4-5bb8-4ea0-bd08-f016453006c8', '60cf60ab-6cbe-4e4e-838e-bbb7364b5031', 'a9692c3e-a415-4fc3-a3e0-30c8eb652f09', '599470e2-3803-41a2-a792-82911e60c2f4', 1435.2, 40, '2025-05-03T20:51:23.574219+00:00', 'advance', '2025-05-03', false);
INSERT INTO commissions ("id", "deal_id", "user_id", "position_id", "amount", "percentage", "created_at", "commission_type", "payment_date", "is_chargeback") VALUES ('94132faf-d21c-4132-8b38-25fa7c1ee99a', '60cf60ab-6cbe-4e4e-838e-bbb7364b5031', 'a9692c3e-a415-4fc3-a3e0-30c8eb652f09', '8395f610-6c95-4cd5-b778-ee6825ac78d1', 2152.8, 60, '2025-05-03T20:51:23.574219+00:00', 'advance', '2025-05-03', false);
INSERT INTO commissions ("id", "deal_id", "user_id", "position_id", "amount", "percentage", "created_at", "commission_type", "payment_date", "is_chargeback") VALUES ('94605b2b-3fa9-4241-8231-d5c7cc7710cb', '60cf60ab-6cbe-4e4e-838e-bbb7364b5031', 'a9692c3e-a415-4fc3-a3e0-30c8eb652f09', '599470e2-3803-41a2-a792-82911e60c2f4', 478.4, 40, '2025-05-03T20:51:23.574219+00:00', 'future', '2026-02-03', false);
INSERT INTO commissions ("id", "deal_id", "user_id", "position_id", "amount", "percentage", "created_at", "commission_type", "payment_date", "is_chargeback") VALUES ('f0e8a1da-eae2-4d5c-9e28-256da46c72ef', '60cf60ab-6cbe-4e4e-838e-bbb7364b5031', 'a9692c3e-a415-4fc3-a3e0-30c8eb652f09', '8395f610-6c95-4cd5-b778-ee6825ac78d1', 717.6, 60, '2025-05-03T20:51:23.574219+00:00', 'future', '2026-02-03', false);
INSERT INTO commissions ("id", "deal_id", "user_id", "position_id", "amount", "percentage", "created_at", "commission_type", "payment_date", "is_chargeback") VALUES ('03d455b0-0364-48fc-8d0b-2f10fd3a5bc2', '309a95c7-c577-46a8-833c-7bcee2ae7ae3', 'a9692c3e-a415-4fc3-a3e0-30c8eb652f09', '599470e2-3803-41a2-a792-82911e60c2f4', 137.1, 40, '2025-05-03T20:51:23.574219+00:00', 'advance', '2025-05-03', false);
INSERT INTO commissions ("id", "deal_id", "user_id", "position_id", "amount", "percentage", "created_at", "commission_type", "payment_date", "is_chargeback") VALUES ('4f435f20-8479-47f5-86f8-266627bbbfd1', '309a95c7-c577-46a8-833c-7bcee2ae7ae3', 'a9692c3e-a415-4fc3-a3e0-30c8eb652f09', '8395f610-6c95-4cd5-b778-ee6825ac78d1', 205.65, 60, '2025-05-03T20:51:23.574219+00:00', 'advance', '2025-05-03', false);
INSERT INTO commissions ("id", "deal_id", "user_id", "position_id", "amount", "percentage", "created_at", "commission_type", "payment_date", "is_chargeback") VALUES ('3b92156f-b0d8-4a97-b120-2a4eec47275c', '309a95c7-c577-46a8-833c-7bcee2ae7ae3', 'a9692c3e-a415-4fc3-a3e0-30c8eb652f09', '599470e2-3803-41a2-a792-82911e60c2f4', 45.7, 40, '2025-05-03T20:51:23.574219+00:00', 'future', '2026-02-03', false);
INSERT INTO commissions ("id", "deal_id", "user_id", "position_id", "amount", "percentage", "created_at", "commission_type", "payment_date", "is_chargeback") VALUES ('ed1c1992-2ee7-4be1-9d88-a0db4717e217', '309a95c7-c577-46a8-833c-7bcee2ae7ae3', 'a9692c3e-a415-4fc3-a3e0-30c8eb652f09', '8395f610-6c95-4cd5-b778-ee6825ac78d1', 68.55, 60, '2025-05-03T20:51:23.574219+00:00', 'future', '2026-02-03', false);
INSERT INTO commissions ("id", "deal_id", "user_id", "position_id", "amount", "percentage", "created_at", "commission_type", "payment_date", "is_chargeback") VALUES ('fed81350-2943-4630-8f5b-75dc705018ba', '1178223e-2f66-46b4-8c1e-0ad74a0c79d9', 'a9692c3e-a415-4fc3-a3e0-30c8eb652f09', '599470e2-3803-41a2-a792-82911e60c2f4', 497.1, 40, '2025-05-03T20:51:23.574219+00:00', 'advance', '2025-05-03', false);
INSERT INTO commissions ("id", "deal_id", "user_id", "position_id", "amount", "percentage", "created_at", "commission_type", "payment_date", "is_chargeback") VALUES ('89bfdbea-9c3e-4c44-929d-a81ea5cdf7bc', '1178223e-2f66-46b4-8c1e-0ad74a0c79d9', 'a9692c3e-a415-4fc3-a3e0-30c8eb652f09', '8395f610-6c95-4cd5-b778-ee6825ac78d1', 745.65, 60, '2025-05-03T20:51:23.574219+00:00', 'advance', '2025-05-03', false);
INSERT INTO commissions ("id", "deal_id", "user_id", "position_id", "amount", "percentage", "created_at", "commission_type", "payment_date", "is_chargeback") VALUES ('4538e95d-83c9-4382-8118-de2f95223af1', '1178223e-2f66-46b4-8c1e-0ad74a0c79d9', 'a9692c3e-a415-4fc3-a3e0-30c8eb652f09', '599470e2-3803-41a2-a792-82911e60c2f4', 165.7, 40, '2025-05-03T20:51:23.574219+00:00', 'future', '2026-02-03', false);
INSERT INTO commissions ("id", "deal_id", "user_id", "position_id", "amount", "percentage", "created_at", "commission_type", "payment_date", "is_chargeback") VALUES ('b7c10279-6a2c-4af8-b99b-ec96e4ad4b93', '1178223e-2f66-46b4-8c1e-0ad74a0c79d9', 'a9692c3e-a415-4fc3-a3e0-30c8eb652f09', '8395f610-6c95-4cd5-b778-ee6825ac78d1', 248.55, 60, '2025-05-03T20:51:23.574219+00:00', 'future', '2026-02-03', false);
INSERT INTO commissions ("id", "deal_id", "user_id", "position_id", "amount", "percentage", "created_at", "commission_type", "payment_date", "is_chargeback") VALUES ('d3cab14c-01da-4a39-9757-8965e9affd86', '9dc57e93-c0ba-43c9-b507-9b3ec7f3b969', 'a9692c3e-a415-4fc3-a3e0-30c8eb652f09', '599470e2-3803-41a2-a792-82911e60c2f4', 143.4, 40, '2025-05-03T20:51:23.574219+00:00', 'advance', '2025-05-03', false);
INSERT INTO commissions ("id", "deal_id", "user_id", "position_id", "amount", "percentage", "created_at", "commission_type", "payment_date", "is_chargeback") VALUES ('8e5589dd-d47b-4b23-91c6-74cc1b9a2a7d', '9dc57e93-c0ba-43c9-b507-9b3ec7f3b969', 'a9692c3e-a415-4fc3-a3e0-30c8eb652f09', '8395f610-6c95-4cd5-b778-ee6825ac78d1', 215.1, 60, '2025-05-03T20:51:23.574219+00:00', 'advance', '2025-05-03', false);
INSERT INTO commissions ("id", "deal_id", "user_id", "position_id", "amount", "percentage", "created_at", "commission_type", "payment_date", "is_chargeback") VALUES ('75ea2c64-adc0-4e03-9cf5-d3c0a833a23b', '9dc57e93-c0ba-43c9-b507-9b3ec7f3b969', 'a9692c3e-a415-4fc3-a3e0-30c8eb652f09', '599470e2-3803-41a2-a792-82911e60c2f4', 47.8, 40, '2025-05-03T20:51:23.574219+00:00', 'future', '2026-02-03', false);
INSERT INTO commissions ("id", "deal_id", "user_id", "position_id", "amount", "percentage", "created_at", "commission_type", "payment_date", "is_chargeback") VALUES ('28b530b9-24ca-450e-ad2d-8b68f03f2f89', '9dc57e93-c0ba-43c9-b507-9b3ec7f3b969', 'a9692c3e-a415-4fc3-a3e0-30c8eb652f09', '8395f610-6c95-4cd5-b778-ee6825ac78d1', 71.7, 60, '2025-05-03T20:51:23.574219+00:00', 'future', '2026-02-03', false);
INSERT INTO commissions ("id", "deal_id", "user_id", "position_id", "amount", "percentage", "created_at", "commission_type", "payment_date", "is_chargeback") VALUES ('186257bb-8a37-4f5a-bf0f-c4e7d14a8c5c', '3685a694-bd94-45bf-987f-eb5d17dda967', 'a9692c3e-a415-4fc3-a3e0-30c8eb652f09', '599470e2-3803-41a2-a792-82911e60c2f4', 1354.2, 40, '2025-05-03T20:51:23.574219+00:00', 'advance', '2025-05-03', false);
INSERT INTO commissions ("id", "deal_id", "user_id", "position_id", "amount", "percentage", "created_at", "commission_type", "payment_date", "is_chargeback") VALUES ('7f32fc81-5382-4276-b9e6-498a5408e78e', '3685a694-bd94-45bf-987f-eb5d17dda967', 'a9692c3e-a415-4fc3-a3e0-30c8eb652f09', '8395f610-6c95-4cd5-b778-ee6825ac78d1', 2031.3, 60, '2025-05-03T20:51:23.574219+00:00', 'advance', '2025-05-03', false);
INSERT INTO commissions ("id", "deal_id", "user_id", "position_id", "amount", "percentage", "created_at", "commission_type", "payment_date", "is_chargeback") VALUES ('21e61667-40a0-4604-bcdd-b736f50a7bcc', '3685a694-bd94-45bf-987f-eb5d17dda967', 'a9692c3e-a415-4fc3-a3e0-30c8eb652f09', '599470e2-3803-41a2-a792-82911e60c2f4', 451.4, 40, '2025-05-03T20:51:23.574219+00:00', 'future', '2026-02-03', false);
INSERT INTO commissions ("id", "deal_id", "user_id", "position_id", "amount", "percentage", "created_at", "commission_type", "payment_date", "is_chargeback") VALUES ('c0819bcd-d0b5-419b-b12b-2cb505aa1d24', '3685a694-bd94-45bf-987f-eb5d17dda967', 'a9692c3e-a415-4fc3-a3e0-30c8eb652f09', '8395f610-6c95-4cd5-b778-ee6825ac78d1', 677.1, 60, '2025-05-03T20:51:23.574219+00:00', 'future', '2026-02-03', false);
INSERT INTO commissions ("id", "deal_id", "user_id", "position_id", "amount", "percentage", "created_at", "commission_type", "payment_date", "is_chargeback") VALUES ('755c8a2c-ea32-4876-8708-5574c6e54dbc', '911b4691-aedd-4668-aae3-2f00ba9d1edd', '322f6f66-d38f-404a-a2cb-76e7e2f2ae4c', '599470e2-3803-41a2-a792-82911e60c2f4', 337.39, 40, '2025-05-03T20:51:23.574219+00:00', 'advance', '2025-05-03', false);
INSERT INTO commissions ("id", "deal_id", "user_id", "position_id", "amount", "percentage", "created_at", "commission_type", "payment_date", "is_chargeback") VALUES ('cd311506-ce74-4f7b-92ec-189a7bb26699', '911b4691-aedd-4668-aae3-2f00ba9d1edd', 'a9692c3e-a415-4fc3-a3e0-30c8eb652f09', '8395f610-6c95-4cd5-b778-ee6825ac78d1', 506.09, 60, '2025-05-03T20:51:23.574219+00:00', 'advance', '2025-05-03', false);
INSERT INTO commissions ("id", "deal_id", "user_id", "position_id", "amount", "percentage", "created_at", "commission_type", "payment_date", "is_chargeback") VALUES ('2f8edb83-4d4b-4120-9b40-8c70aaee0cd3', '911b4691-aedd-4668-aae3-2f00ba9d1edd', '322f6f66-d38f-404a-a2cb-76e7e2f2ae4c', '599470e2-3803-41a2-a792-82911e60c2f4', 112.46, 40, '2025-05-03T20:51:23.574219+00:00', 'future', '2026-02-03', false);
INSERT INTO commissions ("id", "deal_id", "user_id", "position_id", "amount", "percentage", "created_at", "commission_type", "payment_date", "is_chargeback") VALUES ('69f03557-502b-4451-b5f4-16ca2ae72031', '911b4691-aedd-4668-aae3-2f00ba9d1edd', 'a9692c3e-a415-4fc3-a3e0-30c8eb652f09', '8395f610-6c95-4cd5-b778-ee6825ac78d1', 168.7, 60, '2025-05-03T20:51:23.574219+00:00', 'future', '2026-02-03', false);
INSERT INTO commissions ("id", "deal_id", "user_id", "position_id", "amount", "percentage", "created_at", "commission_type", "payment_date", "is_chargeback") VALUES ('d01c2a6f-529b-40bf-917c-66c9edf65fd5', '080707b7-03a6-4eee-a5f4-c58f320d2782', '322f6f66-d38f-404a-a2cb-76e7e2f2ae4c', '599470e2-3803-41a2-a792-82911e60c2f4', 194.04, 40, '2025-05-03T20:51:23.574219+00:00', 'advance', '2025-05-03', false);
INSERT INTO commissions ("id", "deal_id", "user_id", "position_id", "amount", "percentage", "created_at", "commission_type", "payment_date", "is_chargeback") VALUES ('5783ccca-0287-4e27-a020-a9532db305ef', '080707b7-03a6-4eee-a5f4-c58f320d2782', 'a9692c3e-a415-4fc3-a3e0-30c8eb652f09', '8395f610-6c95-4cd5-b778-ee6825ac78d1', 291.06, 60, '2025-05-03T20:51:23.574219+00:00', 'advance', '2025-05-03', false);
INSERT INTO commissions ("id", "deal_id", "user_id", "position_id", "amount", "percentage", "created_at", "commission_type", "payment_date", "is_chargeback") VALUES ('c8926cf2-a643-49f7-b4ac-01bae6066b44', '080707b7-03a6-4eee-a5f4-c58f320d2782', '322f6f66-d38f-404a-a2cb-76e7e2f2ae4c', '599470e2-3803-41a2-a792-82911e60c2f4', 64.68, 40, '2025-05-03T20:51:23.574219+00:00', 'future', '2026-02-03', false);
INSERT INTO commissions ("id", "deal_id", "user_id", "position_id", "amount", "percentage", "created_at", "commission_type", "payment_date", "is_chargeback") VALUES ('a7ce6bfc-9d0e-49fb-a0ff-9b3e99071aca', '080707b7-03a6-4eee-a5f4-c58f320d2782', 'a9692c3e-a415-4fc3-a3e0-30c8eb652f09', '8395f610-6c95-4cd5-b778-ee6825ac78d1', 97.02, 60, '2025-05-03T20:51:23.574219+00:00', 'future', '2026-02-03', false);
INSERT INTO commissions ("id", "deal_id", "user_id", "position_id", "amount", "percentage", "created_at", "commission_type", "payment_date", "is_chargeback") VALUES ('bdb91e27-d4d6-432c-96cb-0a2524c07f15', '2e05410a-f079-4332-91a0-949c17cafdbf', '322f6f66-d38f-404a-a2cb-76e7e2f2ae4c', '599470e2-3803-41a2-a792-82911e60c2f4', 337.39, 40, '2025-05-03T20:51:23.574219+00:00', 'advance', '2025-05-03', false);
INSERT INTO commissions ("id", "deal_id", "user_id", "position_id", "amount", "percentage", "created_at", "commission_type", "payment_date", "is_chargeback") VALUES ('8a8b390d-37a9-4c4a-8e34-dbe60b9c6c0d', '2e05410a-f079-4332-91a0-949c17cafdbf', 'a9692c3e-a415-4fc3-a3e0-30c8eb652f09', '8395f610-6c95-4cd5-b778-ee6825ac78d1', 506.09, 60, '2025-05-03T20:51:23.574219+00:00', 'advance', '2025-05-03', false);
INSERT INTO commissions ("id", "deal_id", "user_id", "position_id", "amount", "percentage", "created_at", "commission_type", "payment_date", "is_chargeback") VALUES ('c3367bb0-7f45-4e54-a5dc-d007e50809ad', '2e05410a-f079-4332-91a0-949c17cafdbf', '322f6f66-d38f-404a-a2cb-76e7e2f2ae4c', '599470e2-3803-41a2-a792-82911e60c2f4', 112.46, 40, '2025-05-03T20:51:23.574219+00:00', 'future', '2026-02-03', false);
INSERT INTO commissions ("id", "deal_id", "user_id", "position_id", "amount", "percentage", "created_at", "commission_type", "payment_date", "is_chargeback") VALUES ('2e039ec4-4963-4fef-b597-3e7882151565', '2e05410a-f079-4332-91a0-949c17cafdbf', 'a9692c3e-a415-4fc3-a3e0-30c8eb652f09', '8395f610-6c95-4cd5-b778-ee6825ac78d1', 168.7, 60, '2025-05-03T20:51:23.574219+00:00', 'future', '2026-02-03', false);
INSERT INTO commissions ("id", "deal_id", "user_id", "position_id", "amount", "percentage", "created_at", "commission_type", "payment_date", "is_chargeback") VALUES ('43521f24-a838-435b-adb6-8344f4a97c78', '108cb484-d0ca-4294-9b9d-d73055bb1623', 'a0eebc99-9c0b-4ef8-bb6d-6bb9bd380a11', '599470e2-3803-41a2-a792-82911e60c2f4', 1353.6, 40, '2025-05-03T20:51:23.574219+00:00', 'advance', '2025-05-03', false);
INSERT INTO commissions ("id", "deal_id", "user_id", "position_id", "amount", "percentage", "created_at", "commission_type", "payment_date", "is_chargeback") VALUES ('7d1bfdfb-0f18-4ce6-b4a2-2af5b8a55e23', '108cb484-d0ca-4294-9b9d-d73055bb1623', 'a9692c3e-a415-4fc3-a3e0-30c8eb652f09', '8395f610-6c95-4cd5-b778-ee6825ac78d1', 2030.4, 60, '2025-05-03T20:51:23.574219+00:00', 'advance', '2025-05-03', false);
INSERT INTO commissions ("id", "deal_id", "user_id", "position_id", "amount", "percentage", "created_at", "commission_type", "payment_date", "is_chargeback") VALUES ('a5b319ab-9c44-4434-a9eb-8c842cf78d62', '108cb484-d0ca-4294-9b9d-d73055bb1623', 'a0eebc99-9c0b-4ef8-bb6d-6bb9bd380a11', '599470e2-3803-41a2-a792-82911e60c2f4', 451.2, 40, '2025-05-03T20:51:23.574219+00:00', 'future', '2026-02-03', false);
INSERT INTO commissions ("id", "deal_id", "user_id", "position_id", "amount", "percentage", "created_at", "commission_type", "payment_date", "is_chargeback") VALUES ('e3e17bc6-a723-4140-b021-854c865c0c7c', '108cb484-d0ca-4294-9b9d-d73055bb1623', 'a9692c3e-a415-4fc3-a3e0-30c8eb652f09', '8395f610-6c95-4cd5-b778-ee6825ac78d1', 676.8, 60, '2025-05-03T20:51:23.574219+00:00', 'future', '2026-02-03', false);
INSERT INTO commissions ("id", "deal_id", "user_id", "position_id", "amount", "percentage", "created_at", "commission_type", "payment_date", "is_chargeback") VALUES ('b0b5b432-4780-4eec-8414-e906db704844', 'e499f0fe-641d-4328-bc1c-072c8bb52403', 'fde405d9-03f2-4141-b619-5ebff6c641e4', '599470e2-3803-41a2-a792-82911e60c2f4', 135.3, 40, '2025-05-03T20:51:23.574219+00:00', 'advance', '2025-05-03', false);
INSERT INTO commissions ("id", "deal_id", "user_id", "position_id", "amount", "percentage", "created_at", "commission_type", "payment_date", "is_chargeback") VALUES ('1a133482-d776-4b3d-b843-364487342461', 'e499f0fe-641d-4328-bc1c-072c8bb52403', 'a9692c3e-a415-4fc3-a3e0-30c8eb652f09', '8395f610-6c95-4cd5-b778-ee6825ac78d1', 202.95, 60, '2025-05-03T20:51:23.574219+00:00', 'advance', '2025-05-03', false);
INSERT INTO commissions ("id", "deal_id", "user_id", "position_id", "amount", "percentage", "created_at", "commission_type", "payment_date", "is_chargeback") VALUES ('f402e6dd-ed23-4679-89d0-00a715efc529', 'e499f0fe-641d-4328-bc1c-072c8bb52403', 'fde405d9-03f2-4141-b619-5ebff6c641e4', '599470e2-3803-41a2-a792-82911e60c2f4', 45.1, 40, '2025-05-03T20:51:23.574219+00:00', 'future', '2026-02-03', false);
INSERT INTO commissions ("id", "deal_id", "user_id", "position_id", "amount", "percentage", "created_at", "commission_type", "payment_date", "is_chargeback") VALUES ('6f5e4897-3f70-4fc3-b1b2-9d02272efba1', 'e499f0fe-641d-4328-bc1c-072c8bb52403', 'a9692c3e-a415-4fc3-a3e0-30c8eb652f09', '8395f610-6c95-4cd5-b778-ee6825ac78d1', 67.65, 60, '2025-05-03T20:51:23.574219+00:00', 'future', '2026-02-03', false);
INSERT INTO commissions ("id", "deal_id", "user_id", "position_id", "amount", "percentage", "created_at", "commission_type", "payment_date", "is_chargeback") VALUES ('6d3d294c-e7ff-4db5-92dc-6cc6bf41e186', '7cb44a15-232b-4206-a399-81ca94c25393', 'a9692c3e-a415-4fc3-a3e0-30c8eb652f09', '599470e2-3803-41a2-a792-82911e60c2f4', 464.1, 40, '2025-05-03T20:51:23.574219+00:00', 'advance', '2025-05-03', false);
INSERT INTO commissions ("id", "deal_id", "user_id", "position_id", "amount", "percentage", "created_at", "commission_type", "payment_date", "is_chargeback") VALUES ('d7195f24-9abb-4cf2-be67-9258f2170167', '7cb44a15-232b-4206-a399-81ca94c25393', 'a9692c3e-a415-4fc3-a3e0-30c8eb652f09', '8395f610-6c95-4cd5-b778-ee6825ac78d1', 696.15, 60, '2025-05-03T20:51:23.574219+00:00', 'advance', '2025-05-03', false);
INSERT INTO commissions ("id", "deal_id", "user_id", "position_id", "amount", "percentage", "created_at", "commission_type", "payment_date", "is_chargeback") VALUES ('d8371cb5-2d03-4b9c-b4cd-3e6183bdef74', '7cb44a15-232b-4206-a399-81ca94c25393', 'a9692c3e-a415-4fc3-a3e0-30c8eb652f09', '599470e2-3803-41a2-a792-82911e60c2f4', 154.7, 40, '2025-05-03T20:51:23.574219+00:00', 'future', '2026-02-03', false);
INSERT INTO commissions ("id", "deal_id", "user_id", "position_id", "amount", "percentage", "created_at", "commission_type", "payment_date", "is_chargeback") VALUES ('f7c34366-d787-4b49-90a7-e89f576692ae', '7cb44a15-232b-4206-a399-81ca94c25393', 'a9692c3e-a415-4fc3-a3e0-30c8eb652f09', '8395f610-6c95-4cd5-b778-ee6825ac78d1', 232.05, 60, '2025-05-03T20:51:23.574219+00:00', 'future', '2026-02-03', false);
INSERT INTO commissions ("id", "deal_id", "user_id", "position_id", "amount", "percentage", "created_at", "commission_type", "payment_date", "is_chargeback") VALUES ('f5a1600c-a860-4b50-b26e-bb70443794c8', '0033f136-18d7-43f2-a48e-88a1abfd6f88', 'a9692c3e-a415-4fc3-a3e0-30c8eb652f09', '599470e2-3803-41a2-a792-82911e60c2f4', 45.6, 40, '2025-05-03T20:51:23.574219+00:00', 'advance', '2025-05-03', false);
INSERT INTO commissions ("id", "deal_id", "user_id", "position_id", "amount", "percentage", "created_at", "commission_type", "payment_date", "is_chargeback") VALUES ('2f5b6f9b-d832-4ee1-9a0f-732b50dfdf2d', '0033f136-18d7-43f2-a48e-88a1abfd6f88', 'a9692c3e-a415-4fc3-a3e0-30c8eb652f09', '8395f610-6c95-4cd5-b778-ee6825ac78d1', 68.4, 60, '2025-05-03T20:51:23.574219+00:00', 'advance', '2025-05-03', false);
INSERT INTO commissions ("id", "deal_id", "user_id", "position_id", "amount", "percentage", "created_at", "commission_type", "payment_date", "is_chargeback") VALUES ('e521c2b5-ab9c-435f-ab55-c21749b9dd1c', '0033f136-18d7-43f2-a48e-88a1abfd6f88', 'a9692c3e-a415-4fc3-a3e0-30c8eb652f09', '599470e2-3803-41a2-a792-82911e60c2f4', 15.2, 40, '2025-05-03T20:51:23.574219+00:00', 'future', '2026-02-03', false);
INSERT INTO commissions ("id", "deal_id", "user_id", "position_id", "amount", "percentage", "created_at", "commission_type", "payment_date", "is_chargeback") VALUES ('4a5e1765-0d72-4706-b376-50bff449773e', '0033f136-18d7-43f2-a48e-88a1abfd6f88', 'a9692c3e-a415-4fc3-a3e0-30c8eb652f09', '8395f610-6c95-4cd5-b778-ee6825ac78d1', 22.8, 60, '2025-05-03T20:51:23.574219+00:00', 'future', '2026-02-03', false);
INSERT INTO commissions ("id", "deal_id", "user_id", "position_id", "amount", "percentage", "created_at", "commission_type", "payment_date", "is_chargeback") VALUES ('6a64491c-6c00-4c5e-a0c1-79b7d5fd4009', '17d5181c-b58d-495b-8963-e08b9e25b0dd', 'a9692c3e-a415-4fc3-a3e0-30c8eb652f09', '599470e2-3803-41a2-a792-82911e60c2f4', 446.1, 40, '2025-05-03T20:51:23.574219+00:00', 'advance', '2025-05-03', false);
INSERT INTO commissions ("id", "deal_id", "user_id", "position_id", "amount", "percentage", "created_at", "commission_type", "payment_date", "is_chargeback") VALUES ('b32dca14-7b8f-43ee-bfc5-f4b461fc7e0f', '17d5181c-b58d-495b-8963-e08b9e25b0dd', 'a9692c3e-a415-4fc3-a3e0-30c8eb652f09', '8395f610-6c95-4cd5-b778-ee6825ac78d1', 669.15, 60, '2025-05-03T20:51:23.574219+00:00', 'advance', '2025-05-03', false);
INSERT INTO commissions ("id", "deal_id", "user_id", "position_id", "amount", "percentage", "created_at", "commission_type", "payment_date", "is_chargeback") VALUES ('9a256935-2702-43b7-9986-5678df2925cc', '17d5181c-b58d-495b-8963-e08b9e25b0dd', 'a9692c3e-a415-4fc3-a3e0-30c8eb652f09', '599470e2-3803-41a2-a792-82911e60c2f4', 148.7, 40, '2025-05-03T20:51:23.574219+00:00', 'future', '2026-02-03', false);
INSERT INTO commissions ("id", "deal_id", "user_id", "position_id", "amount", "percentage", "created_at", "commission_type", "payment_date", "is_chargeback") VALUES ('376547d5-325e-4fdb-9921-231d1600ded3', '17d5181c-b58d-495b-8963-e08b9e25b0dd', 'a9692c3e-a415-4fc3-a3e0-30c8eb652f09', '8395f610-6c95-4cd5-b778-ee6825ac78d1', 223.05, 60, '2025-05-03T20:51:23.574219+00:00', 'future', '2026-02-03', false);
INSERT INTO commissions ("id", "deal_id", "user_id", "position_id", "amount", "percentage", "created_at", "commission_type", "payment_date", "is_chargeback") VALUES ('ba9b51cc-3043-4ed6-aec0-87d8d199e18e', 'fe3f6c6b-d956-4b34-a82c-f81300526eae', 'a9692c3e-a415-4fc3-a3e0-30c8eb652f09', '599470e2-3803-41a2-a792-82911e60c2f4', 37.2, 40, '2025-05-03T20:51:23.574219+00:00', 'advance', '2025-05-03', false);
INSERT INTO commissions ("id", "deal_id", "user_id", "position_id", "amount", "percentage", "created_at", "commission_type", "payment_date", "is_chargeback") VALUES ('fce6502b-ece6-4279-86c6-060ccfa82b34', 'fe3f6c6b-d956-4b34-a82c-f81300526eae', 'a9692c3e-a415-4fc3-a3e0-30c8eb652f09', '8395f610-6c95-4cd5-b778-ee6825ac78d1', 55.8, 60, '2025-05-03T20:51:23.574219+00:00', 'advance', '2025-05-03', false);
INSERT INTO commissions ("id", "deal_id", "user_id", "position_id", "amount", "percentage", "created_at", "commission_type", "payment_date", "is_chargeback") VALUES ('ec87411c-fc76-4602-a895-2b2b6abfa8b4', 'fe3f6c6b-d956-4b34-a82c-f81300526eae', 'a9692c3e-a415-4fc3-a3e0-30c8eb652f09', '599470e2-3803-41a2-a792-82911e60c2f4', 12.4, 40, '2025-05-03T20:51:23.574219+00:00', 'future', '2026-02-03', false);
INSERT INTO commissions ("id", "deal_id", "user_id", "position_id", "amount", "percentage", "created_at", "commission_type", "payment_date", "is_chargeback") VALUES ('79efb845-f20c-46ef-b3af-b99c9ec950e3', 'fe3f6c6b-d956-4b34-a82c-f81300526eae', 'a9692c3e-a415-4fc3-a3e0-30c8eb652f09', '8395f610-6c95-4cd5-b778-ee6825ac78d1', 18.6, 60, '2025-05-03T20:51:23.574219+00:00', 'future', '2026-02-03', false);
INSERT INTO commissions ("id", "deal_id", "user_id", "position_id", "amount", "percentage", "created_at", "commission_type", "payment_date", "is_chargeback") VALUES ('fd90d3ff-b0ed-4ab8-8724-903f712c876d', '9cdbbcaa-0deb-477c-8bf8-348ad35281e1', 'a9692c3e-a415-4fc3-a3e0-30c8eb652f09', '599470e2-3803-41a2-a792-82911e60c2f4', 37.2, 40, '2025-05-03T20:51:23.574219+00:00', 'advance', '2025-05-03', false);
INSERT INTO commissions ("id", "deal_id", "user_id", "position_id", "amount", "percentage", "created_at", "commission_type", "payment_date", "is_chargeback") VALUES ('7df51c21-97b0-421e-8ab1-15d5c24a8e62', '9cdbbcaa-0deb-477c-8bf8-348ad35281e1', 'a9692c3e-a415-4fc3-a3e0-30c8eb652f09', '8395f610-6c95-4cd5-b778-ee6825ac78d1', 55.8, 60, '2025-05-03T20:51:23.574219+00:00', 'advance', '2025-05-03', false);
INSERT INTO commissions ("id", "deal_id", "user_id", "position_id", "amount", "percentage", "created_at", "commission_type", "payment_date", "is_chargeback") VALUES ('4bbbe5f0-b807-4fea-b081-0fb5f6dbc1f0', '9cdbbcaa-0deb-477c-8bf8-348ad35281e1', 'a9692c3e-a415-4fc3-a3e0-30c8eb652f09', '599470e2-3803-41a2-a792-82911e60c2f4', 12.4, 40, '2025-05-03T20:51:23.574219+00:00', 'future', '2026-02-03', false);
INSERT INTO commissions ("id", "deal_id", "user_id", "position_id", "amount", "percentage", "created_at", "commission_type", "payment_date", "is_chargeback") VALUES ('4303d166-9e8c-4540-b15f-1d72c3bd86a5', '9cdbbcaa-0deb-477c-8bf8-348ad35281e1', 'a9692c3e-a415-4fc3-a3e0-30c8eb652f09', '8395f610-6c95-4cd5-b778-ee6825ac78d1', 18.6, 60, '2025-05-03T20:51:23.574219+00:00', 'future', '2026-02-03', false);
INSERT INTO commissions ("id", "deal_id", "user_id", "position_id", "amount", "percentage", "created_at", "commission_type", "payment_date", "is_chargeback") VALUES ('1a011994-7579-47fd-a9ca-f3e62a4f5d95', 'ad2cd7be-3437-4d35-912b-e5bece5d91d6', 'a9692c3e-a415-4fc3-a3e0-30c8eb652f09', '599470e2-3803-41a2-a792-82911e60c2f4', 46.2, 40, '2025-05-03T20:51:23.574219+00:00', 'advance', '2025-05-03', false);
INSERT INTO commissions ("id", "deal_id", "user_id", "position_id", "amount", "percentage", "created_at", "commission_type", "payment_date", "is_chargeback") VALUES ('35d8c840-5e0a-46fd-b1eb-0860a9af509b', 'ad2cd7be-3437-4d35-912b-e5bece5d91d6', 'a9692c3e-a415-4fc3-a3e0-30c8eb652f09', '8395f610-6c95-4cd5-b778-ee6825ac78d1', 69.3, 60, '2025-05-03T20:51:23.574219+00:00', 'advance', '2025-05-03', false);
INSERT INTO commissions ("id", "deal_id", "user_id", "position_id", "amount", "percentage", "created_at", "commission_type", "payment_date", "is_chargeback") VALUES ('8ff7cb9a-2dfa-4d39-849d-e50147360ee7', 'ad2cd7be-3437-4d35-912b-e5bece5d91d6', 'a9692c3e-a415-4fc3-a3e0-30c8eb652f09', '599470e2-3803-41a2-a792-82911e60c2f4', 15.4, 40, '2025-05-03T20:51:23.574219+00:00', 'future', '2026-02-03', false);
INSERT INTO commissions ("id", "deal_id", "user_id", "position_id", "amount", "percentage", "created_at", "commission_type", "payment_date", "is_chargeback") VALUES ('d86fbb98-aea2-4b55-b13e-4e03ba23a0d7', 'ad2cd7be-3437-4d35-912b-e5bece5d91d6', 'a9692c3e-a415-4fc3-a3e0-30c8eb652f09', '8395f610-6c95-4cd5-b778-ee6825ac78d1', 23.1, 60, '2025-05-03T20:51:23.574219+00:00', 'future', '2026-02-03', false);
INSERT INTO commissions ("id", "deal_id", "user_id", "position_id", "amount", "percentage", "created_at", "commission_type", "payment_date", "is_chargeback") VALUES ('ec271c58-0846-4762-aa46-8aa39d2fc10b', 'e17c4bd3-8225-4e99-a71f-c9924a1d2687', 'a9692c3e-a415-4fc3-a3e0-30c8eb652f09', '599470e2-3803-41a2-a792-82911e60c2f4', 13.5, 40, '2025-05-03T20:51:23.574219+00:00', 'advance', '2025-05-03', false);
INSERT INTO commissions ("id", "deal_id", "user_id", "position_id", "amount", "percentage", "created_at", "commission_type", "payment_date", "is_chargeback") VALUES ('a226daf9-0fbf-46ce-8d0d-500e8c639d61', 'e17c4bd3-8225-4e99-a71f-c9924a1d2687', 'a9692c3e-a415-4fc3-a3e0-30c8eb652f09', '8395f610-6c95-4cd5-b778-ee6825ac78d1', 20.25, 60, '2025-05-03T20:51:23.574219+00:00', 'advance', '2025-05-03', false);
INSERT INTO commissions ("id", "deal_id", "user_id", "position_id", "amount", "percentage", "created_at", "commission_type", "payment_date", "is_chargeback") VALUES ('da982213-970a-40f3-9cd1-c09ba9f4c69d', 'e17c4bd3-8225-4e99-a71f-c9924a1d2687', 'a9692c3e-a415-4fc3-a3e0-30c8eb652f09', '599470e2-3803-41a2-a792-82911e60c2f4', 4.5, 40, '2025-05-03T20:51:23.574219+00:00', 'future', '2026-02-03', false);
INSERT INTO commissions ("id", "deal_id", "user_id", "position_id", "amount", "percentage", "created_at", "commission_type", "payment_date", "is_chargeback") VALUES ('5fb88321-9344-4e4b-a198-4fc426fcec76', 'e17c4bd3-8225-4e99-a71f-c9924a1d2687', 'a9692c3e-a415-4fc3-a3e0-30c8eb652f09', '8395f610-6c95-4cd5-b778-ee6825ac78d1', 6.75, 60, '2025-05-03T20:51:23.574219+00:00', 'future', '2026-02-03', false);
INSERT INTO commissions ("id", "deal_id", "user_id", "position_id", "amount", "percentage", "created_at", "commission_type", "payment_date", "is_chargeback") VALUES ('8e5b0622-417e-45a8-a10f-6edf211b0f9d', 'dd7ac6b8-be42-4cf1-87d2-356d7cacffd5', 'a0eebc99-9c0b-4ef8-bb6d-6bb9bd380a11', '599470e2-3803-41a2-a792-82911e60c2f4', 372.3, 40, '2025-05-03T20:51:23.574219+00:00', 'advance', '2025-05-03', false);
INSERT INTO commissions ("id", "deal_id", "user_id", "position_id", "amount", "percentage", "created_at", "commission_type", "payment_date", "is_chargeback") VALUES ('1914aa9a-139e-4119-9baa-680194bd421e', 'dd7ac6b8-be42-4cf1-87d2-356d7cacffd5', 'a9692c3e-a415-4fc3-a3e0-30c8eb652f09', '8395f610-6c95-4cd5-b778-ee6825ac78d1', 558.45, 60, '2025-05-03T20:51:23.574219+00:00', 'advance', '2025-05-03', false);
INSERT INTO commissions ("id", "deal_id", "user_id", "position_id", "amount", "percentage", "created_at", "commission_type", "payment_date", "is_chargeback") VALUES ('f1fd85da-24dd-4a46-af38-e22a3c6b1a3c', 'dd7ac6b8-be42-4cf1-87d2-356d7cacffd5', 'a0eebc99-9c0b-4ef8-bb6d-6bb9bd380a11', '599470e2-3803-41a2-a792-82911e60c2f4', 124.1, 40, '2025-05-03T20:51:23.574219+00:00', 'future', '2026-02-03', false);
INSERT INTO commissions ("id", "deal_id", "user_id", "position_id", "amount", "percentage", "created_at", "commission_type", "payment_date", "is_chargeback") VALUES ('b2bfc7e0-2987-44da-b3a1-8c5f8ca18546', 'dd7ac6b8-be42-4cf1-87d2-356d7cacffd5', 'a9692c3e-a415-4fc3-a3e0-30c8eb652f09', '8395f610-6c95-4cd5-b778-ee6825ac78d1', 186.15, 60, '2025-05-03T20:51:23.574219+00:00', 'future', '2026-02-03', false);
INSERT INTO commissions ("id", "deal_id", "user_id", "position_id", "amount", "percentage", "created_at", "commission_type", "payment_date", "is_chargeback") VALUES ('3d95e17f-14b1-4405-bff4-78a51758ea86', '976d495c-7a5f-45dc-969f-e4dffe97bdca', 'a0eebc99-9c0b-4ef8-bb6d-6bb9bd380a11', '599470e2-3803-41a2-a792-82911e60c2f4', 462.3, 40, '2025-05-03T20:51:23.574219+00:00', 'advance', '2025-05-03', false);
INSERT INTO commissions ("id", "deal_id", "user_id", "position_id", "amount", "percentage", "created_at", "commission_type", "payment_date", "is_chargeback") VALUES ('d7013d22-1e15-4035-82e6-94d8ba0b461b', '976d495c-7a5f-45dc-969f-e4dffe97bdca', 'a9692c3e-a415-4fc3-a3e0-30c8eb652f09', '8395f610-6c95-4cd5-b778-ee6825ac78d1', 693.45, 60, '2025-05-03T20:51:23.574219+00:00', 'advance', '2025-05-03', false);
INSERT INTO commissions ("id", "deal_id", "user_id", "position_id", "amount", "percentage", "created_at", "commission_type", "payment_date", "is_chargeback") VALUES ('a4251864-6d9a-43f5-a7c8-85a6be2522d2', '976d495c-7a5f-45dc-969f-e4dffe97bdca', 'a0eebc99-9c0b-4ef8-bb6d-6bb9bd380a11', '599470e2-3803-41a2-a792-82911e60c2f4', 154.1, 40, '2025-05-03T20:51:23.574219+00:00', 'future', '2026-02-03', false);
INSERT INTO commissions ("id", "deal_id", "user_id", "position_id", "amount", "percentage", "created_at", "commission_type", "payment_date", "is_chargeback") VALUES ('51657b91-ee48-4229-804e-22f711fc61c9', '976d495c-7a5f-45dc-969f-e4dffe97bdca', 'a9692c3e-a415-4fc3-a3e0-30c8eb652f09', '8395f610-6c95-4cd5-b778-ee6825ac78d1', 231.15, 60, '2025-05-03T20:51:23.574219+00:00', 'future', '2026-02-03', false);
INSERT INTO commissions ("id", "deal_id", "user_id", "position_id", "amount", "percentage", "created_at", "commission_type", "payment_date", "is_chargeback") VALUES ('deeb6513-a5ea-4073-a174-ab7c7d8bda5d', '8da2c393-4d97-400b-a3df-4bc55ce129ce', 'a0eebc99-9c0b-4ef8-bb6d-6bb9bd380a11', '599470e2-3803-41a2-a792-82911e60c2f4', 360, 40, '2025-05-03T20:51:23.574219+00:00', 'advance', '2025-05-03', false);
INSERT INTO commissions ("id", "deal_id", "user_id", "position_id", "amount", "percentage", "created_at", "commission_type", "payment_date", "is_chargeback") VALUES ('be1e4e73-bed7-4839-b826-c0d16d055308', '8da2c393-4d97-400b-a3df-4bc55ce129ce', 'a9692c3e-a415-4fc3-a3e0-30c8eb652f09', '8395f610-6c95-4cd5-b778-ee6825ac78d1', 540, 60, '2025-05-03T20:51:23.574219+00:00', 'advance', '2025-05-03', false);
INSERT INTO commissions ("id", "deal_id", "user_id", "position_id", "amount", "percentage", "created_at", "commission_type", "payment_date", "is_chargeback") VALUES ('86394ac9-d249-4273-840e-113e0cc0d5c3', '8da2c393-4d97-400b-a3df-4bc55ce129ce', 'a0eebc99-9c0b-4ef8-bb6d-6bb9bd380a11', '599470e2-3803-41a2-a792-82911e60c2f4', 120, 40, '2025-05-03T20:51:23.574219+00:00', 'future', '2026-02-03', false);
INSERT INTO commissions ("id", "deal_id", "user_id", "position_id", "amount", "percentage", "created_at", "commission_type", "payment_date", "is_chargeback") VALUES ('7d523ac2-9df7-4607-8048-9be85248eb40', '8da2c393-4d97-400b-a3df-4bc55ce129ce', 'a9692c3e-a415-4fc3-a3e0-30c8eb652f09', '8395f610-6c95-4cd5-b778-ee6825ac78d1', 180, 60, '2025-05-03T20:51:23.574219+00:00', 'future', '2026-02-03', false);

-- Data for table: discord_notifications
INSERT INTO discord_notifications ("id", "deal_id", "message", "webhook_url", "sent", "retry_count", "created_at", "sent_at") VALUES ('e37462ea-d0f2-4b41-9403-b2541d250af5', 'f0ec33b8-6360-4ae4-a142-39cf54a3d08a', '{"embeds":[{"color":5814783,"title":"Test Notification","fields":[{"name":"Status","value":"If you can see this message, Discord integration is working!","inline":false}],"timestamp":"2025-04-16T21:28:07.141164+00:00","description":"This is a test notification from MyAgentView CRM"}],"content":"","username":"MyAgentView Test Bot","avatar_url":"https://i.imgur.com/4M34hi2.png"}', 'https://discord.com/api/webhooks/1354706831855059047/Atn9yvZaJRmrCy_nlreh2H_csEk1_oiq7FdfwhITFMEsdxjR9Z8DFyHtCCuwHub7HqT3', true, 0, '2025-04-16T21:28:07.141164+00:00', '2025-04-16T21:28:08.243+00:00');
INSERT INTO discord_notifications ("id", "deal_id", "message", "webhook_url", "sent", "retry_count", "created_at", "sent_at") VALUES ('7b3700ac-0eeb-4853-b317-040267e60c48', 'c8325f02-74cb-49bb-ab17-80d54fede266', '{"embeds":[{"color":5814783,"title":"New Deal Submitted","fields":[{"name":"Client","value":"asd asd","inline":true},{"name":"Premium","value":"$415.00","inline":true},{"name":"Agent","value":"American Coverage Center","inline":true},{"name":"Carrier","value":"Liberty","inline":true},{"name":"Product","value":"Final Expense","inline":true}],"timestamp":"2025-04-16T21:29:03.844839+00:00"}],"content":"","username":"MyAgentView Bot","avatar_url":"https://i.imgur.com/4M34hi2.png"}', 'https://discord.com/api/webhooks/1354706831855059047/Atn9yvZaJRmrCy_nlreh2H_csEk1_oiq7FdfwhITFMEsdxjR9Z8DFyHtCCuwHub7HqT3', true, 0, '2025-04-16T21:29:03.844839+00:00', '2025-04-16T21:29:10.466+00:00');
INSERT INTO discord_notifications ("id", "deal_id", "message", "webhook_url", "sent", "retry_count", "created_at", "sent_at") VALUES ('391b3884-26af-4fac-a852-c3c5379e41bb', '9dc57e93-c0ba-43c9-b507-9b3ec7f3b969', '{"embeds":[{"color":5814783,"title":" New Deal Submitted x8 ","fields":[{"name":"Annual Premium","value":"$478.00","inline":true},{"name":"Monthly Premium","value":"$39.83","inline":true},{"name":"Agent","value":"American Coverage Center","inline":true},{"name":"Carrier","value":"Liberty","inline":true}],"timestamp":"2025-04-16T22:07:56.578407+00:00"}],"content":"","username":"ACC Closes Bot","avatar_url":"https://i.imgur.com/IVYRHem.jpeg"}', 'https://discord.com/api/webhooks/1354706831855059047/Atn9yvZaJRmrCy_nlreh2H_csEk1_oiq7FdfwhITFMEsdxjR9Z8DFyHtCCuwHub7HqT3', true, 0, '2025-04-16T22:07:56.578407+00:00', '2025-04-16T22:08:52.398+00:00');
INSERT INTO discord_notifications ("id", "deal_id", "message", "webhook_url", "sent", "retry_count", "created_at", "sent_at") VALUES ('ed257208-cfcb-4055-89b6-43aeaf261b6d', '7e32ed7a-fc12-464a-89b8-fc6b34024f43', '{"embeds":[{"color":5814783,"title":" New Deal Submitted x4 ","fields":[{"name":"Client","value":"fg fg","inline":true},{"name":"Premium","value":"$451.00","inline":true},{"name":"Agent","value":"American Coverage Center","inline":true},{"name":"Carrier","value":"AIG","inline":true}],"timestamp":"2025-04-16T21:36:01.372909+00:00"}],"content":"","username":"ACC Closes Bot","avatar_url":"https://i.imgur.com/IVYRHem.jpeg"}', 'https://discord.com/api/webhooks/1354706831855059047/Atn9yvZaJRmrCy_nlreh2H_csEk1_oiq7FdfwhITFMEsdxjR9Z8DFyHtCCuwHub7HqT3', true, 0, '2025-04-16T21:36:01.372909+00:00', '2025-04-16T21:36:25.573+00:00');
INSERT INTO discord_notifications ("id", "deal_id", "message", "webhook_url", "sent", "retry_count", "created_at", "sent_at") VALUES ('17b5a9cb-210e-4867-9469-9a715bf0880c', '60cf60ab-6cbe-4e4e-838e-bbb7364b5031', '{"embeds":[{"color":5814783,"title":" New Deal Submitted x5 ","fields":[{"name":"Premium","value":"$4784.00","inline":true},{"name":"Agent","value":"American Coverage Center","inline":true},{"name":"Carrier","value":"Awesome Life Insurance Co.","inline":true}],"timestamp":"2025-04-16T21:55:48.928744+00:00"}],"content":"","username":"ACC Closes Bot","avatar_url":"https://i.imgur.com/IVYRHem.jpeg"}', 'https://discord.com/api/webhooks/1354706831855059047/Atn9yvZaJRmrCy_nlreh2H_csEk1_oiq7FdfwhITFMEsdxjR9Z8DFyHtCCuwHub7HqT3', true, 0, '2025-04-16T21:55:48.928744+00:00', '2025-04-16T21:56:04.353+00:00');
INSERT INTO discord_notifications ("id", "deal_id", "message", "webhook_url", "sent", "retry_count", "created_at", "sent_at") VALUES ('f4a2cac4-a35a-4be9-9a1e-8d43bebfbb56', '1178223e-2f66-46b4-8c1e-0ad74a0c79d9', '{"embeds":[{"color":5814783,"title":" New Deal Submitted x7 ","fields":[{"name":"Annual Premium","value":"$1657.00","inline":true},{"name":"Monthly Premium","value":"$138.08","inline":true},{"name":"Agent","value":"American Coverage Center","inline":true},{"name":"Carrier","value":"AIG","inline":true}],"timestamp":"2025-04-16T22:02:22.164651+00:00"}],"content":"","username":"ACC Closes Bot","avatar_url":"https://i.imgur.com/IVYRHem.jpeg"}', 'https://discord.com/api/webhooks/1354706831855059047/Atn9yvZaJRmrCy_nlreh2H_csEk1_oiq7FdfwhITFMEsdxjR9Z8DFyHtCCuwHub7HqT3', true, 0, '2025-04-16T22:02:22.164651+00:00', '2025-04-16T22:02:47.577+00:00');
INSERT INTO discord_notifications ("id", "deal_id", "message", "webhook_url", "sent", "retry_count", "created_at", "sent_at") VALUES ('0d8f5092-8f33-4e81-9e0d-204c622128d2', '309a95c7-c577-46a8-833c-7bcee2ae7ae3', '{"embeds":[{"color":5814783,"title":" New Deal Submitted x6 ","fields":[{"name":"Annual Premium","value":"$457.00","inline":true},{"name":"Monthly Premium","value":"$38.08","inline":true},{"name":"Agent","value":"American Coverage Center","inline":true},{"name":"Carrier","value":"AIG","inline":true}],"timestamp":"2025-04-16T22:01:07.515098+00:00"}],"content":"","username":"ACC Closes Bot","avatar_url":"https://i.imgur.com/IVYRHem.jpeg"}', 'https://discord.com/api/webhooks/1354706831855059047/Atn9yvZaJRmrCy_nlreh2H_csEk1_oiq7FdfwhITFMEsdxjR9Z8DFyHtCCuwHub7HqT3', true, 0, '2025-04-16T22:01:07.515098+00:00', '2025-04-16T22:01:27.415+00:00');
INSERT INTO discord_notifications ("id", "deal_id", "message", "webhook_url", "sent", "retry_count", "created_at", "sent_at") VALUES ('46a8433a-3775-4708-aec4-744d78ae7ddb', '3685a694-bd94-45bf-987f-eb5d17dda967', '{"embeds":[{"color":5814783,"title":" New Deal Submitted x9 ","fields":[{"name":"Annual Premium","value":"$4514.00","inline":true},{"name":"Monthly Premium","value":"$376.17","inline":true},{"name":"Agent","value":"American Coverage Center","inline":true},{"name":"Carrier","value":"Awesome Life Insurance Co.","inline":true}],"timestamp":"2025-04-16T22:11:46.011844+00:00"}],"content":"","username":"ACC Closes Bot","avatar_url":"https://i.imgur.com/IVYRHem.jpeg"}', 'https://discord.com/api/webhooks/1354706831855059047/Atn9yvZaJRmrCy_nlreh2H_csEk1_oiq7FdfwhITFMEsdxjR9Z8DFyHtCCuwHub7HqT3', true, 0, '2025-04-16T22:11:46.011844+00:00', '2025-04-16T22:15:02.095+00:00');
INSERT INTO discord_notifications ("id", "deal_id", "message", "webhook_url", "sent", "retry_count", "created_at", "sent_at") VALUES ('abc85fbf-8979-4ed0-b4ba-f85ff1bdc126', '911b4691-aedd-4668-aae3-2f00ba9d1edd', '{"embeds":[{"color":5814783,"title":" New Deal Submitted x2 ","fields":[{"name":"Annual Premium","value":"$1124.64","inline":true},{"name":"Monthly Premium","value":"$93.72","inline":true},{"name":"Agent","value":"Adam Yoder","inline":true},{"name":"Carrier","value":"Mutual Of Omaha","inline":true}],"timestamp":"2025-04-16T22:44:33.509585+00:00"}],"content":"","username":"ACC Closes Bot","avatar_url":"https://i.imgur.com/IVYRHem.jpeg"}', 'https://discord.com/api/webhooks/1354706831855059047/Atn9yvZaJRmrCy_nlreh2H_csEk1_oiq7FdfwhITFMEsdxjR9Z8DFyHtCCuwHub7HqT3', true, 0, '2025-04-16T22:44:33.509585+00:00', '2025-04-16T22:45:14.51+00:00');
INSERT INTO discord_notifications ("id", "deal_id", "message", "webhook_url", "sent", "retry_count", "created_at", "sent_at") VALUES ('bde4109b-3780-4a29-b457-de7aa7f6a5f6', '2e05410a-f079-4332-91a0-949c17cafdbf', '{"embeds":[{"color":5814783,"title":" New Deal Submitted ","fields":[{"name":"Annual Premium","value":"$1124.64","inline":true},{"name":"Monthly Premium","value":"$93.72","inline":true},{"name":"Agent","value":"Adam Yoder","inline":true},{"name":"Carrier","value":"Mutual Of Omaha","inline":true}],"timestamp":"2025-04-16T22:42:56.441866+00:00"}],"content":"","username":"ACC Closes Bot","avatar_url":"https://i.imgur.com/IVYRHem.jpeg"}', 'https://discord.com/api/webhooks/1354706831855059047/Atn9yvZaJRmrCy_nlreh2H_csEk1_oiq7FdfwhITFMEsdxjR9Z8DFyHtCCuwHub7HqT3', true, 0, '2025-04-16T22:42:56.441866+00:00', '2025-04-16T22:45:14.253+00:00');
INSERT INTO discord_notifications ("id", "deal_id", "message", "webhook_url", "sent", "retry_count", "created_at", "sent_at") VALUES ('bc9a5920-3872-4ab1-bc80-22115643073f', '080707b7-03a6-4eee-a5f4-c58f320d2782', '{"embeds":[{"color":5814783,"title":" New Deal Submitted x3 ","fields":[{"name":"Annual Premium","value":"$646.80","inline":true},{"name":"Monthly Premium","value":"$53.90","inline":true},{"name":"Agent","value":"Adam Yoder","inline":true},{"name":"Carrier","value":"Liberty Bankers","inline":true}],"timestamp":"2025-04-16T22:50:54.685406+00:00"}],"content":"","username":"ACC Closes Bot","avatar_url":"https://i.imgur.com/IVYRHem.jpeg"}', 'https://discord.com/api/webhooks/1354706831855059047/Atn9yvZaJRmrCy_nlreh2H_csEk1_oiq7FdfwhITFMEsdxjR9Z8DFyHtCCuwHub7HqT3', true, 0, '2025-04-16T22:50:54.685406+00:00', '2025-04-16T22:51:01.233+00:00');
INSERT INTO discord_notifications ("id", "deal_id", "message", "webhook_url", "sent", "retry_count", "created_at", "sent_at") VALUES ('2c3e14d7-603b-4b20-bc08-0ffbe750c431', '108cb484-d0ca-4294-9b9d-d73055bb1623', '{"embeds":[{"color":5814783,"title":" New Deal Submitted ","fields":[{"name":"Annual Premium","value":"$4512.00","inline":true},{"name":"Monthly Premium","value":"$376.00","inline":true},{"name":"Agent","value":"Admin User","inline":true},{"name":"Carrier","value":"Liberty Bankers","inline":true}],"timestamp":"2025-04-17T07:38:19.593583+00:00"}],"content":"","username":"ACC Closes Bot","avatar_url":"https://i.imgur.com/IVYRHem.jpeg"}', 'https://discord.com/api/webhooks/1354706831855059047/Atn9yvZaJRmrCy_nlreh2H_csEk1_oiq7FdfwhITFMEsdxjR9Z8DFyHtCCuwHub7HqT3', true, 0, '2025-04-17T07:38:19.593583+00:00', '2025-04-17T07:45:12.136+00:00');
INSERT INTO discord_notifications ("id", "deal_id", "message", "webhook_url", "sent", "retry_count", "created_at", "sent_at") VALUES ('224d8a5d-600a-479c-9735-a461f4f4622b', 'e499f0fe-641d-4328-bc1c-072c8bb52403', '{"embeds":[{"color":5814783,"title":" New Deal Submitted ","fields":[{"name":"Annual Premium","value":"$451.00","inline":true},{"name":"Monthly Premium","value":"$37.58","inline":true},{"name":"Agent","value":"Test Test","inline":true},{"name":"Carrier","value":"Gerber Life Insurance","inline":true}],"timestamp":"2025-04-17T16:55:33.611729+00:00"}],"content":"","username":"ACC Closes Bot","avatar_url":"https://i.imgur.com/IVYRHem.jpeg"}', 'https://discord.com/api/webhooks/1354706831855059047/Atn9yvZaJRmrCy_nlreh2H_csEk1_oiq7FdfwhITFMEsdxjR9Z8DFyHtCCuwHub7HqT3', true, 0, '2025-04-17T16:55:33.611729+00:00', '2025-04-17T17:03:46.706+00:00');
INSERT INTO discord_notifications ("id", "deal_id", "message", "webhook_url", "sent", "retry_count", "created_at", "sent_at") VALUES ('e37f9927-fa4e-4d60-ae75-a493e52aa7e9', '7cb44a15-232b-4206-a399-81ca94c25393', '{"embeds":[{"color":5814783,"title":" New Deal Submitted ","fields":[{"name":"Annual Premium","value":"$1547.00","inline":true},{"name":"Monthly Premium","value":"$128.92","inline":true},{"name":"Agent","value":"American Coverage Center","inline":true},{"name":"Carrier","value":"AIG","inline":true}],"timestamp":"2025-04-22T16:49:22.622951+00:00"}],"content":"","username":"ACC Closes Bot","avatar_url":"https://i.imgur.com/IVYRHem.jpeg"}', 'https://discord.com/api/webhooks/1354706831855059047/Atn9yvZaJRmrCy_nlreh2H_csEk1_oiq7FdfwhITFMEsdxjR9Z8DFyHtCCuwHub7HqT3', true, 0, '2025-04-22T16:49:22.622951+00:00', '2025-04-22T16:49:27.784+00:00');
INSERT INTO discord_notifications ("id", "deal_id", "message", "webhook_url", "sent", "retry_count", "created_at", "sent_at") VALUES ('97a2b371-d9db-4d23-806f-7a5cd614dbdf', '0033f136-18d7-43f2-a48e-88a1abfd6f88', '{"embeds":[{"color":5814783,"title":" New Deal Submitted ","fields":[{"name":"Annual Premium","value":"$152.00","inline":true},{"name":"Monthly Premium","value":"$12.67","inline":true},{"name":"Agent","value":"American Coverage Center","inline":true},{"name":"Carrier","value":"Aetna CVS","inline":true}],"timestamp":"2025-05-03T17:25:39.532542+00:00"}],"content":"","username":"ACC Closes Bot","avatar_url":"https://i.imgur.com/IVYRHem.jpeg"}', 'https://discord.com/api/webhooks/1354706831855059047/Atn9yvZaJRmrCy_nlreh2H_csEk1_oiq7FdfwhITFMEsdxjR9Z8DFyHtCCuwHub7HqT3', true, 0, '2025-05-03T17:25:39.532542+00:00', '2025-05-03T17:25:49.688+00:00');
INSERT INTO discord_notifications ("id", "deal_id", "message", "webhook_url", "sent", "retry_count", "created_at", "sent_at") VALUES ('fa77857d-a74e-4302-8557-90327b506bcb', '17d5181c-b58d-495b-8963-e08b9e25b0dd', '{"embeds":[{"color":5814783,"title":" New Deal Submitted x2 ","fields":[{"name":"Annual Premium","value":"$1487.00","inline":true},{"name":"Monthly Premium","value":"$123.92","inline":true},{"name":"Agent","value":"American Coverage Center","inline":true},{"name":"Carrier","value":"Aetna CVS","inline":true}],"timestamp":"2025-05-03T17:26:45.645906+00:00"}],"content":"","username":"ACC Closes Bot","avatar_url":"https://i.imgur.com/IVYRHem.jpeg"}', 'https://discord.com/api/webhooks/1354706831855059047/Atn9yvZaJRmrCy_nlreh2H_csEk1_oiq7FdfwhITFMEsdxjR9Z8DFyHtCCuwHub7HqT3', true, 0, '2025-05-03T17:26:45.645906+00:00', '2025-05-03T17:26:54.138+00:00');
INSERT INTO discord_notifications ("id", "deal_id", "message", "webhook_url", "sent", "retry_count", "created_at", "sent_at") VALUES ('176517c9-0aa5-4755-9dc6-104940c7a576', 'fe3f6c6b-d956-4b34-a82c-f81300526eae', '{"embeds":[{"color":5814783,"title":" New Deal Submitted x3 ","fields":[{"name":"Annual Premium","value":"$124.00","inline":true},{"name":"Monthly Premium","value":"$10.33","inline":true},{"name":"Agent","value":"American Coverage Center","inline":true},{"name":"Carrier","value":"Aetna CVS","inline":true}],"timestamp":"2025-05-03T17:32:18.005508+00:00"}],"content":"","username":"ACC Closes Bot","avatar_url":"https://i.imgur.com/IVYRHem.jpeg"}', 'https://discord.com/api/webhooks/1354706831855059047/Atn9yvZaJRmrCy_nlreh2H_csEk1_oiq7FdfwhITFMEsdxjR9Z8DFyHtCCuwHub7HqT3', true, 0, '2025-05-03T17:32:18.005508+00:00', '2025-05-03T17:32:32.25+00:00');
INSERT INTO discord_notifications ("id", "deal_id", "message", "webhook_url", "sent", "retry_count", "created_at", "sent_at") VALUES ('70b061ca-0df6-439e-8fe1-89c48a67999c', '9cdbbcaa-0deb-477c-8bf8-348ad35281e1', '{"embeds":[{"color":5814783,"title":" New Deal Submitted x4 ","fields":[{"name":"Annual Premium","value":"$124.00","inline":true},{"name":"Monthly Premium","value":"$10.33","inline":true},{"name":"Agent","value":"American Coverage Center","inline":true},{"name":"Carrier","value":"AIG","inline":true}],"timestamp":"2025-05-03T17:34:15.026061+00:00"}],"content":"","username":"ACC Closes Bot","avatar_url":"https://i.imgur.com/IVYRHem.jpeg"}', 'https://discord.com/api/webhooks/1354706831855059047/Atn9yvZaJRmrCy_nlreh2H_csEk1_oiq7FdfwhITFMEsdxjR9Z8DFyHtCCuwHub7HqT3', true, 0, '2025-05-03T17:34:15.026061+00:00', '2025-05-03T17:34:38.993+00:00');
INSERT INTO discord_notifications ("id", "deal_id", "message", "webhook_url", "sent", "retry_count", "created_at", "sent_at") VALUES ('bcd729d0-913e-40d0-bc2c-8d8b9f101a57', 'ad2cd7be-3437-4d35-912b-e5bece5d91d6', '{"embeds":[{"color":5814783,"title":" New Deal Submitted x5 ","fields":[{"name":"Annual Premium","value":"$154.00","inline":true},{"name":"Monthly Premium","value":"$12.83","inline":true},{"name":"Agent","value":"American Coverage Center","inline":true},{"name":"Carrier","value":"Awesome Life Insurance Co.","inline":true}],"timestamp":"2025-05-03T17:35:25.02024+00:00"}],"content":"","username":"ACC Closes Bot","avatar_url":"https://i.imgur.com/IVYRHem.jpeg"}', 'https://discord.com/api/webhooks/1354706831855059047/Atn9yvZaJRmrCy_nlreh2H_csEk1_oiq7FdfwhITFMEsdxjR9Z8DFyHtCCuwHub7HqT3', true, 0, '2025-05-03T17:35:25.02024+00:00', '2025-05-03T17:36:15.639+00:00');
INSERT INTO discord_notifications ("id", "deal_id", "message", "webhook_url", "sent", "retry_count", "created_at", "sent_at") VALUES ('7f14487d-432b-42aa-a83c-f44d68596a96', 'e17c4bd3-8225-4e99-a71f-c9924a1d2687', '{"embeds":[{"color":5814783,"title":" New Deal Submitted x6 ","fields":[{"name":"Annual Premium","value":"$45.00","inline":true},{"name":"Monthly Premium","value":"$3.75","inline":true},{"name":"Agent","value":"American Coverage Center","inline":true},{"name":"Carrier","value":"AIG","inline":true}],"timestamp":"2025-05-03T17:37:51.900006+00:00"}],"content":"","username":"ACC Closes Bot","avatar_url":"https://i.imgur.com/IVYRHem.jpeg"}', 'https://discord.com/api/webhooks/1354706831855059047/Atn9yvZaJRmrCy_nlreh2H_csEk1_oiq7FdfwhITFMEsdxjR9Z8DFyHtCCuwHub7HqT3', true, 0, '2025-05-03T17:37:51.900006+00:00', '2025-05-03T17:38:01.183+00:00');
INSERT INTO discord_notifications ("id", "deal_id", "message", "webhook_url", "sent", "retry_count", "created_at", "sent_at") VALUES ('1df4f4e6-1430-4bcf-820c-ebca1794251a', '976d495c-7a5f-45dc-969f-e4dffe97bdca', '{"embeds":[{"color":5814783,"title":" New Deal Submitted x2 ","fields":[{"name":"Annual Premium","value":"$1541.00","inline":true},{"name":"Monthly Premium","value":"$128.42","inline":true},{"name":"Agent","value":"Admin User","inline":true},{"name":"Carrier","value":"Liberty","inline":true}],"timestamp":"2025-05-03T19:55:49.050437+00:00"}],"content":"","username":"ACC Closes Bot","avatar_url":"https://i.imgur.com/IVYRHem.jpeg"}', 'https://discord.com/api/webhooks/1354706831855059047/Atn9yvZaJRmrCy_nlreh2H_csEk1_oiq7FdfwhITFMEsdxjR9Z8DFyHtCCuwHub7HqT3', true, 0, '2025-05-03T19:55:49.050437+00:00', '2025-05-03T20:39:31.817+00:00');
INSERT INTO discord_notifications ("id", "deal_id", "message", "webhook_url", "sent", "retry_count", "created_at", "sent_at") VALUES ('d708d438-aa0f-47da-9d13-6dc1956ae317', 'dd7ac6b8-be42-4cf1-87d2-356d7cacffd5', '{"embeds":[{"color":5814783,"title":" New Deal Submitted ","fields":[{"name":"Annual Premium","value":"$1241.00","inline":true},{"name":"Monthly Premium","value":"$103.42","inline":true},{"name":"Agent","value":"Admin User","inline":true},{"name":"Carrier","value":"Aetna CVS","inline":true}],"timestamp":"2025-05-03T19:23:34.818439+00:00"}],"content":"","username":"ACC Closes Bot","avatar_url":"https://i.imgur.com/IVYRHem.jpeg"}', 'https://discord.com/api/webhooks/1354706831855059047/Atn9yvZaJRmrCy_nlreh2H_csEk1_oiq7FdfwhITFMEsdxjR9Z8DFyHtCCuwHub7HqT3', true, 0, '2025-05-03T19:23:34.818439+00:00', '2025-05-03T20:39:32.513+00:00');
INSERT INTO discord_notifications ("id", "deal_id", "message", "webhook_url", "sent", "retry_count", "created_at", "sent_at") VALUES ('1437de5e-cbde-4334-b9c2-7d9b556f4918', '8da2c393-4d97-400b-a3df-4bc55ce129ce', '{"embeds":[{"color":5814783,"title":" New Deal Submitted x3 ","fields":[{"name":"Annual Premium","value":"$1200.00","inline":true},{"name":"Monthly Premium","value":"$100.00","inline":true},{"name":"Agent","value":"Admin User","inline":true},{"name":"Carrier","value":"Aetna CVS","inline":true}],"timestamp":"2025-05-03T19:57:23.706304+00:00"}],"content":"","username":"ACC Closes Bot","avatar_url":"https://i.imgur.com/IVYRHem.jpeg"}', 'https://discord.com/api/webhooks/1354706831855059047/Atn9yvZaJRmrCy_nlreh2H_csEk1_oiq7FdfwhITFMEsdxjR9Z8DFyHtCCuwHub7HqT3', true, 0, '2025-05-03T19:57:23.706304+00:00', '2025-05-03T20:39:33.209+00:00');

-- Data for table: telegram_chats
INSERT INTO telegram_chats ("id", "chat_id", "chat_title", "added_at", "is_active") VALUES ('8e67578e-2d54-4293-badb-762c93825b03', '-4751491670', 'ACC Internal', '2025-05-03T17:20:05.309665+00:00', true);
INSERT INTO telegram_chats ("id", "chat_id", "chat_title", "added_at", "is_active") VALUES ('d78a4f95-352d-4eb0-98e5-b11e234874b2', '-4281278943', 'Vic and Sam', '2025-05-03T17:37:30.208123+00:00', true);

